{
  "Sources": [
    {
      "source": "YB1023",
      "yb_number": 1023,
      "reference": "WolfChase25",
      "dist": 8.47,
      "e_dist": 0.41,
      "dist_c": 10.06,
      "dist_m": 10.05,
      "e_dist_m": 0.32,
      "stat_m": "SDIST_EXT",
      "pfar": 1.0,
      "dist_r1": 8.47,
      "e_dist_r1": 0.41,
      "pint_r1": 1.0,
      "arm_r1": "ScF",
      "dist_r2": 0.0,
      "e_dist_r2": 0.0,
      "pint_r2": 0.0,
      "arm_r2": null,
      "diam": 0.72,
      "e_diam": 0.04,
      "mass": 8141.17,
      "e_mass": 2123.56,
      "blum": 26985.32,
      "e_blum": 2612.51,
      "lmrat": 3.31,
      "e_lmrat": 0.92,
      "temp": 15.2,
      "e_temp": 1.4,
      "lrat": 47.4,
      "e_lrat": 9.48,
      "tbol": 52.72,
      "e_tbol": 10.54,
      "sigma": 4.11,
      "e_sigma": 1.07,
      "glon": 27.56209,
      "glat": 0.08312,
      "mwpr": 0.00388,
      "e_glon": 0.00042,
      "e_glat": 0.00066,
      "e_mwpr": 0.00182,
      "hrate": 0.7,
      "f8": 0.9545,
      "e_f8": 0.2221,
      "f12": 0.3604,
      "e_f12": 0.351,
      "f24": 5.3233,
      "e_f24": 0.2091,
      "f70": 102.1272,
      "e_f70": 0.17,
      "n8": 6,
      "n12": 6,
      "n24": 6,
      "n70": 6,
      "f_sat": "0000",
      "f_multi": 0,
      "f_nosrc": "0000",
      "f_pconf": "0000",
      "f_cext": 0,
      "vlsr": 84.52,
      "e_vlsr": 0.1,
      "stype": "SP",
      "vlsr_g": 84.52,
      "vlsr_s": null,
      "vlsr_f": null,
      "vlsr_t": null,
      "vlsr_dht": null,
      "vlsr_dgt": null,
      "dgt": null,
      "vlsr_c": 84.4,
      "vlsr_m": 84.56,
      "e_vlsr_m": 1.09,
      "higal": "HIGALBM27.5633+0.0846",
      "agal": "G027.5635+0.0845",
      "corn": "G027.5637+00.0845",
      "corn_t": "UCHII Region",
      "rms": "G027.5618+00.0828",
      "rms_t": "HII region",
      "wise": "G027.562+00.084",
      "wise_t": "K"
    }
  ]
}
