{
  "Sources": [
    {
      "source": "YB1050",
      "yb_number": 1050,
      "reference": "WolfChase25",
      "dist": 8.19,
      "e_dist": 0.45,
      "dist_c": 8.89,
      "dist_m": 8.89,
      "e_dist_m": 0.44,
      "stat_m": "SDIST_EXT",
      "pfar": 1.0,
      "dist_r1": 8.19,
      "e_dist_r1": 0.45,
      "pint_r1": 1.0,
      "arm_r1": "ScF",
      "dist_r2": 0.0,
      "e_dist_r2": 0.0,
      "pint_r2": 0.0,
      "arm_r2": null,
      "diam": 0.9,
      "e_diam": 0.05,
      "mass": 1786.13,
      "e_mass": 326.55,
      "blum": 107830.94,
      "e_blum": 11849.55,
      "lmrat": 60.37,
      "e_lmrat": 12.88,
      "temp": 19.7,
      "e_temp": 1.0,
      "lrat": 444.1,
      "e_lrat": 88.82,
      "tbol": 54.85,
      "e_tbol": 10.97,
      "sigma": 0.58,
      "e_sigma": 0.11,
      "glon": 28.24605,
      "glat": 0.01321,
      "mwpr": 0.00533,
      "e_glon": 0.00073,
      "e_glat": 0.00071,
      "e_mwpr": 0.00153,
      "hrate": 0.74,
      "f8": 6.2562,
      "e_f8": 0.3755,
      "f12": 1.8473,
      "e_f12": 0.3654,
      "f24": null,
      "e_f24": null,
      "f70": 340.054,
      "e_f70": 0.1177,
      "n8": 6,
      "n12": 6,
      "n24": 0,
      "n70": 6,
      "f_sat": "0010",
      "f_multi": 0,
      "f_nosrc": "0000",
      "f_pconf": "0000",
      "f_cext": 0,
      "vlsr": 106.63,
      "e_vlsr": 0.1,
      "stype": "SP",
      "vlsr_g": 106.63,
      "vlsr_s": null,
      "vlsr_f": null,
      "vlsr_t": null,
      "vlsr_dht": null,
      "vlsr_dgt": null,
      "dgt": null,
      "vlsr_c": 106.4,
      "vlsr_m": 106.44,
      "e_vlsr_m": 4.76,
      "higal": "HIGALBM28.2443+0.0131",
      "agal": "G028.2436+0.0119",
      "corn": "G028.2447+00.0131",
      "corn_t": "HII Region",
      "rms": "G028.2461+00.0134",
      "rms_t": "HII region",
      "wise": "G028.246+00.013",
      "wise_t": "K"
    }
  ]
}
