{
  "Sources": [
    {
      "source": "YB1081",
      "yb_number": 1081,
      "reference": "WolfChase25",
      "dist": 8.11,
      "e_dist": 0.46,
      "dist_c": 8.99,
      "dist_m": 9.03,
      "e_dist_m": 0.36,
      "stat_m": "SDIST_EXT",
      "pfar": 1.0,
      "dist_r1": 8.11,
      "e_dist_r1": 0.46,
      "pint_r1": 1.0,
      "arm_r1": "ScF",
      "dist_r2": 0.0,
      "e_dist_r2": 0.0,
      "pint_r2": 0.0,
      "arm_r2": null,
      "diam": 0.45,
      "e_diam": 0.03,
      "mass": 1763.85,
      "e_mass": 207.28,
      "blum": 121975.76,
      "e_blum": 13836.95,
      "lmrat": 69.15,
      "e_lmrat": 11.3,
      "temp": 28.6,
      "e_temp": 0.4,
      "lrat": 264.3,
      "e_lrat": 52.86,
      "tbol": 54.15,
      "e_tbol": 10.83,
      "sigma": 2.29,
      "e_sigma": 0.27,
      "glon": 28.61068,
      "glat": 0.01545,
      "mwpr": 0.00507,
      "e_glon": 0.00094,
      "e_glat": 0.00121,
      "e_mwpr": 0.00195,
      "hrate": 0.58,
      "f8": 4.6017,
      "e_f8": 0.4909,
      "f12": 4.0877,
      "e_f12": 0.4286,
      "f24": null,
      "e_f24": null,
      "f70": 645.626,
      "e_f70": 0.1666,
      "n8": 7,
      "n12": 7,
      "n24": 0,
      "n70": 7,
      "f_sat": "0010",
      "f_multi": 0,
      "f_nosrc": "0000",
      "f_pconf": "0000",
      "f_cext": 0,
      "vlsr": 101.74,
      "e_vlsr": 0.1,
      "stype": "SP",
      "vlsr_g": 101.74,
      "vlsr_s": null,
      "vlsr_f": null,
      "vlsr_t": null,
      "vlsr_dht": null,
      "vlsr_dgt": null,
      "dgt": null,
      "vlsr_c": 103.2,
      "vlsr_m": 102.6,
      "e_vlsr_m": 0.23,
      "higal": "HIGALBM28.6084+0.0188",
      "agal": "G028.6069+0.0187",
      "corn": "G028.6082+00.0185",
      "corn_t": "UCHII Region",
      "rms": "G028.6096+00.0170",
      "rms_t": "HII region",
      "wise": "G028.610+00.015",
      "wise_t": "K"
    }
  ]
}
