{
  "Sources": [
    {
      "source": "YB1038",
      "yb_number": 1038,
      "reference": "WolfChase25",
      "dist": 10.84,
      "e_dist": 0.4,
      "dist_c": 12.01,
      "dist_m": 11.99,
      "e_dist_m": 0.38,
      "stat_m": "SDIST_EXT",
      "pfar": 1.0,
      "dist_r1": 10.84,
      "e_dist_r1": 0.4,
      "pint_r1": 0.78,
      "arm_r1": "SgF",
      "dist_r2": 12.15,
      "e_dist_r2": 0.37,
      "pint_r2": 0.22,
      "arm_r2": "Per",
      "diam": 0.55,
      "e_diam": 0.02,
      "mass": 1604.38,
      "e_mass": 173.52,
      "blum": 58014.36,
      "e_blum": 4281.5,
      "lmrat": 36.16,
      "e_lmrat": 4.73,
      "temp": 25.8,
      "e_temp": 0.6,
      "lrat": 162.6,
      "e_lrat": 32.52,
      "tbol": 51.06,
      "e_tbol": 10.21,
      "sigma": 1.41,
      "e_sigma": 0.15,
      "glon": 27.93361,
      "glat": 0.20651,
      "mwpr": 0.00403,
      "e_glon": 0.00048,
      "e_glat": 0.00052,
      "e_mwpr": 0.00106,
      "hrate": 0.52,
      "f8": 0.9013,
      "e_f8": 0.3046,
      "f12": 0.4723,
      "e_f12": 0.4875,
      "f24": 7.8471,
      "e_f24": 0.4467,
      "f70": 169.3305,
      "e_f70": 0.3379,
      "n8": 6,
      "n12": 6,
      "n24": 6,
      "n70": 6,
      "f_sat": "0000",
      "f_multi": 1,
      "f_nosrc": "0000",
      "f_pconf": "0000",
      "f_cext": 0,
      "vlsr": 41.81,
      "e_vlsr": 0.1,
      "stype": "SP",
      "vlsr_g": 41.81,
      "vlsr_s": null,
      "vlsr_f": null,
      "vlsr_t": null,
      "vlsr_dht": null,
      "vlsr_dgt": null,
      "dgt": null,
      "vlsr_c": 42.0,
      "vlsr_m": 42.28,
      "e_vlsr_m": 0.04,
      "higal": "HIGALBM27.9351+0.2056",
      "agal": "G027.9356+0.2061",
      "corn": "G027.9352+00.2056",
      "corn_t": "UCHII Region",
      "rms": "G027.9334+00.2056",
      "rms_t": "HII region",
      "wise": "G027.934+00.206",
      "wise_t": "K"
    }
  ]
}
