{
  "Sources": [
    {
      "source": "YB1188",
      "yb_number": 1188,
      "reference": "WolfChase25",
      "dist": 10.4,
      "e_dist": 0.37,
      "dist_c": 11.38,
      "dist_m": 11.38,
      "e_dist_m": 0.36,
      "stat_m": "SDIST_EXT",
      "pfar": 1.0,
      "dist_r1": 10.4,
      "e_dist_r1": 0.37,
      "pint_r1": 0.94,
      "arm_r1": "SgF",
      "dist_r2": 11.72,
      "e_dist_r2": 0.35,
      "pint_r2": 0.06,
      "arm_r2": "Per",
      "diam": 0.78,
      "e_diam": 0.03,
      "mass": 2010.04,
      "e_mass": 206.53,
      "blum": 173034.92,
      "e_blum": 12312.1,
      "lmrat": 86.09,
      "e_lmrat": 10.76,
      "temp": 28.4,
      "e_temp": 0.8,
      "lrat": 322.6,
      "e_lrat": 64.52,
      "tbol": 59.58,
      "e_tbol": 11.92,
      "sigma": 0.88,
      "e_sigma": 0.09,
      "glon": 30.53365,
      "glat": 0.0212,
      "mwpr": 0.00499,
      "e_glon": 0.00083,
      "e_glat": 0.00055,
      "e_mwpr": 0.00224,
      "hrate": 0.68,
      "f8": 5.4645,
      "e_f8": 0.4329,
      "f12": 3.3645,
      "e_f12": 0.5991,
      "f24": null,
      "e_f24": null,
      "f70": 559.1446,
      "e_f70": 0.333,
      "n8": 7,
      "n12": 7,
      "n24": 0,
      "n70": 7,
      "f_sat": "0010",
      "f_multi": 1,
      "f_nosrc": "0000",
      "f_pconf": "0000",
      "f_cext": 0,
      "vlsr": 40.53,
      "e_vlsr": 0.1,
      "stype": "MP:2",
      "vlsr_g": 40.53,
      "vlsr_s": null,
      "vlsr_f": null,
      "vlsr_t": null,
      "vlsr_dht": null,
      "vlsr_dgt": null,
      "dgt": null,
      "vlsr_c": 48.4,
      "vlsr_m": 48.4,
      "e_vlsr_m": 0.2,
      "higal": "HIGALBM30.5348+0.0211",
      "agal": "G030.5337+0.0215",
      "corn": "G030.5353+00.0204",
      "corn_t": "UCHII Region",
      "rms": "G030.5345+00.0209",
      "rms_t": "HII region",
      "wise": "G030.533+00.021",
      "wise_t": "K"
    }
  ]
}
