{
  "Sources": [
    {
      "source": "YB1223",
      "yb_number": 1223,
      "reference": "WolfChase25",
      "dist": 10.28,
      "e_dist": 0.34,
      "dist_c": 11.84,
      "dist_m": 11.84,
      "e_dist_m": 0.39,
      "stat_m": "SDIST_EXT",
      "pfar": 1.0,
      "dist_r1": 10.28,
      "e_dist_r1": 0.34,
      "pint_r1": 0.88,
      "arm_r1": "SgF",
      "dist_r2": 11.79,
      "e_dist_r2": 0.38,
      "pint_r2": 0.12,
      "arm_r2": "Per",
      "diam": 1.17,
      "e_diam": 0.04,
      "mass": 1781.34,
      "e_mass": 271.32,
      "blum": 52930.11,
      "e_blum": 3501.21,
      "lmrat": 29.71,
      "e_lmrat": 4.93,
      "temp": 20.8,
      "e_temp": 1.1,
      "lrat": 195.0,
      "e_lrat": 39.0,
      "tbol": 54.69,
      "e_tbol": 10.94,
      "sigma": 0.34,
      "e_sigma": 0.05,
      "glon": 31.07007,
      "glat": 0.04995,
      "mwpr": 0.00443,
      "e_glon": 0.00119,
      "e_glat": 0.0008,
      "e_mwpr": 0.00168,
      "hrate": 0.58,
      "f8": 3.8953,
      "e_f8": 0.6737,
      "f12": 2.5556,
      "e_f12": 0.5603,
      "f24": null,
      "e_f24": null,
      "f70": 283.5731,
      "e_f70": 0.4881,
      "n8": 7,
      "n12": 7,
      "n24": 0,
      "n70": 7,
      "f_sat": "0010",
      "f_multi": 0,
      "f_nosrc": "0000",
      "f_pconf": "0001",
      "f_cext": 0,
      "vlsr": 38.4,
      "e_vlsr": 0.1,
      "stype": "SP",
      "vlsr_g": 38.4,
      "vlsr_s": null,
      "vlsr_f": null,
      "vlsr_t": null,
      "vlsr_dht": null,
      "vlsr_dgt": null,
      "dgt": null,
      "vlsr_c": 38.3,
      "vlsr_m": 38.34,
      "e_vlsr_m": 0.03,
      "higal": "HIGALBM31.0690+0.0474",
      "agal": "G031.0703+0.0492",
      "corn": "G031.0709+00.0508",
      "corn_t": "HII Region",
      "rms": "G031.0702+00.0498",
      "rms_t": "HII region",
      "wise": "G031.068+00.049",
      "wise_t": "K"
    }
  ]
}
