{
  "Sources": [
    {
      "source": "YB1254",
      "yb_number": 1254,
      "reference": "WolfChase25",
      "dist": 4.9,
      "e_dist": 0.49,
      "dist_c": 4.9,
      "dist_m": 4.9,
      "e_dist_m": 0.49,
      "stat_m": "MDIST",
      "pfar": 0.5,
      "dist_r1": 6.95,
      "e_dist_r1": 0.71,
      "pint_r1": 0.52,
      "arm_r1": "ScF",
      "dist_r2": 5.1,
      "e_dist_r2": 0.52,
      "pint_r2": 0.48,
      "arm_r2": "ScN",
      "diam": 0.26,
      "e_diam": 0.03,
      "mass": 1195.3,
      "e_mass": 249.67,
      "blum": 38113.9,
      "e_blum": 7622.78,
      "lmrat": 31.89,
      "e_lmrat": 9.22,
      "temp": 29.8,
      "e_temp": 0.5,
      "lrat": 120.9,
      "e_lrat": 24.18,
      "tbol": 44.86,
      "e_tbol": 8.97,
      "sigma": 4.72,
      "e_sigma": 0.99,
      "glon": 31.57922,
      "glat": 0.07515,
      "mwpr": 0.0032,
      "e_glon": 0.00069,
      "e_glat": 0.00101,
      "e_mwpr": 0.00125,
      "hrate": 0.29,
      "f8": 1.8012,
      "e_f8": 0.0431,
      "f12": 0.3329,
      "e_f12": 0.3922,
      "f24": 9.5778,
      "e_f24": 0.5476,
      "f70": 332.4689,
      "e_f70": 0.4742,
      "n8": 5,
      "n12": 5,
      "n24": 5,
      "n70": 5,
      "f_sat": "0000",
      "f_multi": 1,
      "f_nosrc": "0000",
      "f_pconf": "0000",
      "f_cext": 0,
      "vlsr": 96.0,
      "e_vlsr": 0.1,
      "stype": "SP",
      "vlsr_g": 96.0,
      "vlsr_s": null,
      "vlsr_f": null,
      "vlsr_t": null,
      "vlsr_dht": null,
      "vlsr_dgt": null,
      "dgt": null,
      "vlsr_c": 96.4,
      "vlsr_m": 95.0,
      "e_vlsr_m": 0.18,
      "higal": "HIGALBM31.5817+0.0771",
      "agal": "G031.5813+0.0779",
      "corn": "G031.5815+00.0744",
      "corn_t": "UCHII Region",
      "rms": "G031.5808+00.0757",
      "rms_t": "HII region",
      "wise": "G031.580+00.074",
      "wise_t": "G"
    }
  ]
}
