{
  "Sources": [
    {
      "source": "YB1222",
      "yb_number": 1222,
      "reference": "WolfChase25",
      "dist": 7.46,
      "e_dist": 0.39,
      "dist_c": 13.02,
      "dist_m": 13.04,
      "e_dist_m": 0.46,
      "stat_m": "SDIST_EXT",
      "pfar": 1.0,
      "dist_r1": 7.46,
      "e_dist_r1": 0.39,
      "pint_r1": 1.0,
      "arm_r1": "ScF",
      "dist_r2": 0.0,
      "e_dist_r2": 0.0,
      "pint_r2": 0.0,
      "arm_r2": null,
      "diam": 0.26,
      "e_diam": 0.01,
      "mass": 449.72,
      "e_mass": 47.02,
      "blum": 19383.8,
      "e_blum": 2026.72,
      "lmrat": 43.1,
      "e_lmrat": 6.37,
      "temp": 24.8,
      "e_temp": 0.8,
      "lrat": 209.7,
      "e_lrat": 41.94,
      "tbol": 51.9,
      "e_tbol": 10.38,
      "sigma": 1.74,
      "e_sigma": 0.18,
      "glon": 31.05953,
      "glat": 0.09226,
      "mwpr": 0.0029,
      "e_glon": 0.00041,
      "e_glat": 0.00044,
      "e_mwpr": 0.00078,
      "hrate": 0.31,
      "f8": 0.6353,
      "e_f8": 0.4591,
      "f12": 0.3289,
      "e_f12": 0.3255,
      "f24": 4.0455,
      "e_f24": 0.1722,
      "f70": 111.0707,
      "e_f70": 0.1897,
      "n8": 7,
      "n12": 7,
      "n24": 7,
      "n70": 7,
      "f_sat": "0000",
      "f_multi": 0,
      "f_nosrc": "0000",
      "f_pconf": "0000",
      "f_cext": 0,
      "vlsr": 104.93,
      "e_vlsr": 0.1,
      "stype": "SP",
      "vlsr_g": 104.93,
      "vlsr_s": null,
      "vlsr_f": null,
      "vlsr_t": null,
      "vlsr_dht": null,
      "vlsr_dgt": null,
      "dgt": null,
      "vlsr_c": 18.2,
      "vlsr_m": 17.9,
      "e_vlsr_m": 0.15,
      "higal": "HIGALBM31.0594+0.0927",
      "agal": "G031.0593+0.0942",
      "corn": "G031.0595+00.0922",
      "corn_t": "UCHII Region",
      "rms": "G031.0606+00.0928",
      "rms_t": "HII region",
      "wise": "G031.058+00.092",
      "wise_t": "K"
    }
  ]
}
