{
  "Sources": [
    {
      "source": "YB1225",
      "yb_number": 1225,
      "reference": "WolfChase25",
      "dist": 10.27,
      "e_dist": 0.35,
      "dist_c": 11.8,
      "dist_m": 11.79,
      "e_dist_m": 0.39,
      "stat_m": "SDIST_EXT",
      "pfar": 1.0,
      "dist_r1": 10.27,
      "e_dist_r1": 0.35,
      "pint_r1": 0.89,
      "arm_r1": "SgF",
      "dist_r2": 11.75,
      "e_dist_r2": 0.38,
      "pint_r2": 0.11,
      "arm_r2": "Per",
      "diam": 0.67,
      "e_diam": 0.02,
      "mass": 2343.6,
      "e_mass": 245.9,
      "blum": 48428.91,
      "e_blum": 3300.9,
      "lmrat": 20.66,
      "e_lmrat": 2.59,
      "temp": 22.4,
      "e_temp": 0.5,
      "lrat": 121.0,
      "e_lrat": 24.2,
      "tbol": 51.25,
      "e_tbol": 10.25,
      "sigma": 1.37,
      "e_sigma": 0.14,
      "glon": 31.1587,
      "glat": 0.04573,
      "mwpr": 0.00299,
      "e_glon": 0.00047,
      "e_glat": 0.00088,
      "e_mwpr": 0.00116,
      "hrate": 0.16,
      "f8": 0.6386,
      "e_f8": 0.3411,
      "f12": 0.644,
      "e_f12": 0.3284,
      "f24": 7.2902,
      "e_f24": 0.1574,
      "f70": 116.7853,
      "e_f70": 0.165,
      "n8": 7,
      "n12": 7,
      "n24": 7,
      "n70": 7,
      "f_sat": "0000",
      "f_multi": 1,
      "f_nosrc": "0000",
      "f_pconf": "0000",
      "f_cext": 0,
      "vlsr": 38.83,
      "e_vlsr": 0.1,
      "stype": "SP",
      "vlsr_g": 38.83,
      "vlsr_s": null,
      "vlsr_f": null,
      "vlsr_t": null,
      "vlsr_dht": null,
      "vlsr_dgt": null,
      "dgt": null,
      "vlsr_c": 38.8,
      "vlsr_m": 39.1,
      "e_vlsr_m": 0.37,
      "higal": "HIGALBM31.1590+0.0460",
      "agal": "G031.1576+0.0470",
      "corn": "G031.1590+00.0465",
      "corn_t": "UCHII Region",
      "rms": "G031.1593+00.0456B",
      "rms_t": "HII region",
      "wise": "G031.159+00.045",
      "wise_t": "K"
    }
  ]
}
