{
  "Sources": [
    {
      "source": "YB1221",
      "yb_number": 1221,
      "reference": "WolfChase25",
      "dist": 9.18,
      "e_dist": 1.22,
      "dist_c": 12.17,
      "dist_m": 12.11,
      "e_dist_m": 0.41,
      "stat_m": "SDIST_EXT",
      "pfar": 1.0,
      "dist_r1": 9.18,
      "e_dist_r1": 1.22,
      "pint_r1": 0.72,
      "arm_r1": null,
      "dist_r2": 6.64,
      "e_dist_r2": 0.91,
      "pint_r2": 0.23,
      "arm_r2": null,
      "diam": 0.27,
      "e_diam": 0.04,
      "mass": 629.93,
      "e_mass": 178.55,
      "blum": 3599.83,
      "e_blum": 956.82,
      "lmrat": 5.71,
      "e_lmrat": 2.22,
      "temp": 19.1,
      "e_temp": 1.0,
      "lrat": 46.7,
      "e_lrat": 9.34,
      "tbol": 37.96,
      "e_tbol": 7.59,
      "sigma": 2.32,
      "e_sigma": 0.66,
      "glon": 31.0493,
      "glat": 0.47009,
      "mwpr": 0.0028,
      "e_glon": 0.00029,
      "e_glat": 0.00035,
      "e_mwpr": 0.00121,
      "hrate": 0.24,
      "f8": 0.4591,
      "e_f8": 0.1203,
      "f12": 0.2421,
      "e_f12": 0.1917,
      "f24": 4.4048,
      "e_f24": 0.1493,
      "f70": 56.567,
      "e_f70": 0.0865,
      "n8": 7,
      "n12": 7,
      "n24": 7,
      "n70": 7,
      "f_sat": "0000",
      "f_multi": 0,
      "f_nosrc": "0000",
      "f_pconf": "0000",
      "f_cext": 0,
      "vlsr": 78.79,
      "e_vlsr": 0.1,
      "stype": "MP:1",
      "vlsr_g": 78.79,
      "vlsr_s": null,
      "vlsr_f": null,
      "vlsr_t": null,
      "vlsr_dht": null,
      "vlsr_dgt": null,
      "dgt": null,
      "vlsr_c": 32.4,
      "vlsr_m": 33.44,
      "e_vlsr_m": 0.63,
      "higal": "HIGALBM31.0553+0.4691",
      "agal": "G031.0548+0.4694",
      "corn": "G031.0495+00.4697",
      "corn_t": "UCHII Region",
      "rms": "G031.0494+00.4698",
      "rms_t": "HII region",
      "wise": "G031.049+00.469",
      "wise_t": "G"
    }
  ]
}
