{
  "Sources": [
    {
      "source": "YB1208",
      "yb_number": 1208,
      "reference": "WolfChase25",
      "dist": 10.38,
      "e_dist": 0.43,
      "dist_c": 11.9,
      "dist_m": 11.8,
      "e_dist_m": 0.39,
      "stat_m": "SDIST_EXT",
      "pfar": 1.0,
      "dist_r1": 10.38,
      "e_dist_r1": 0.43,
      "pint_r1": 0.8,
      "arm_r1": "SgF",
      "dist_r2": 11.73,
      "e_dist_r2": 0.32,
      "pint_r2": 0.2,
      "arm_r2": "Per",
      "diam": 0.68,
      "e_diam": 0.03,
      "mass": 3135.86,
      "e_mass": 273.08,
      "blum": 271185.37,
      "e_blum": 22468.15,
      "lmrat": 86.48,
      "e_lmrat": 10.39,
      "temp": 28.6,
      "e_temp": 0.6,
      "lrat": 327.2,
      "e_lrat": 65.44,
      "tbol": 54.2,
      "e_tbol": 10.84,
      "sigma": 1.81,
      "e_sigma": 0.16,
      "glon": 30.86651,
      "glat": 0.11388,
      "mwpr": 0.00424,
      "e_glon": 0.00078,
      "e_glat": 0.00096,
      "e_mwpr": 0.00157,
      "hrate": 0.27,
      "f8": 4.7535,
      "e_f8": 0.225,
      "f12": 3.1485,
      "e_f12": 0.5943,
      "f24": null,
      "e_f24": null,
      "f70": 871.4255,
      "e_f70": 0.1824,
      "n8": 7,
      "n12": 7,
      "n24": 0,
      "n70": 7,
      "f_sat": "0010",
      "f_multi": 1,
      "f_nosrc": "0000",
      "f_pconf": "0000",
      "f_cext": 0,
      "vlsr": 39.47,
      "e_vlsr": 0.1,
      "stype": "MP:1",
      "vlsr_g": 39.47,
      "vlsr_s": null,
      "vlsr_f": null,
      "vlsr_t": null,
      "vlsr_dht": null,
      "vlsr_dgt": null,
      "dgt": null,
      "vlsr_c": 37.6,
      "vlsr_m": 39.56,
      "e_vlsr_m": 0.31,
      "higal": "HIGALBM30.8664+0.1143",
      "agal": "G030.8654+0.1143",
      "corn": "G030.8662+00.1143",
      "corn_t": "UCHII Region",
      "rms": "G030.8667+00.1141",
      "rms_t": "HII region",
      "wise": "G030.867+00.113",
      "wise_t": "K"
    }
  ]
}
