{
  "Sources": [
    {
      "source": "YB1333",
      "yb_number": 1333,
      "reference": "WolfChase25",
      "dist": 5.05,
      "e_dist": 0.66,
      "dist_c": 9.26,
      "dist_m": 9.27,
      "e_dist_m": 0.41,
      "stat_m": "NO_KDA",
      "pfar": 0.5,
      "dist_r1": 5.05,
      "e_dist_r1": 0.66,
      "pint_r1": 0.65,
      "arm_r1": "ScN",
      "dist_r2": 5.58,
      "e_dist_r2": 0.27,
      "pint_r2": 0.35,
      "arm_r2": "ScN",
      "diam": 0.34,
      "e_diam": 0.04,
      "mass": 1042.52,
      "e_mass": 279.38,
      "blum": 20001.39,
      "e_blum": 5228.09,
      "lmrat": 19.19,
      "e_lmrat": 7.18,
      "temp": 23.2,
      "e_temp": 0.4,
      "lrat": 107.5,
      "e_lrat": 21.5,
      "tbol": 45.29,
      "e_tbol": 9.06,
      "sigma": 2.4,
      "e_sigma": 0.64,
      "glon": 32.99048,
      "glat": 0.03912,
      "mwpr": 0.00481,
      "e_glon": 0.00079,
      "e_glat": 0.00092,
      "e_mwpr": 0.00154,
      "hrate": 0.55,
      "f8": 4.1966,
      "e_f8": 1.059,
      "f12": 1.4373,
      "e_f12": 1.6075,
      "f24": 8.2484,
      "e_f24": 1.4161,
      "f70": 201.0969,
      "e_f70": 1.1384,
      "n8": 5,
      "n12": 5,
      "n24": 5,
      "n70": 5,
      "f_sat": "0000",
      "f_multi": 0,
      "f_nosrc": "0000",
      "f_pconf": "1111",
      "f_cext": 0,
      "vlsr": 82.61,
      "e_vlsr": 0.1,
      "stype": "SP",
      "vlsr_g": 82.61,
      "vlsr_s": null,
      "vlsr_f": null,
      "vlsr_t": null,
      "vlsr_dht": null,
      "vlsr_dgt": null,
      "dgt": null,
      "vlsr_c": 82.6,
      "vlsr_m": 82.4,
      "e_vlsr_m": 0.28,
      "higal": "HIGALBM32.9918+0.0342",
      "agal": "G032.9911+0.0342",
      "corn": "G032.9906+00.0385",
      "corn_t": "HII Region",
      "rms": "G032.9957+00.0415A",
      "rms_t": "YSO",
      "wise": "G032.990+00.040",
      "wise_t": "K"
    }
  ]
}
