{
  "Sources": [
    {
      "source": "YB1301",
      "yb_number": 1301,
      "reference": "WolfChase25",
      "dist": 2.78,
      "e_dist": 0.44,
      "dist_c": 11.05,
      "dist_m": 3.14,
      "e_dist_m": 0.54,
      "stat_m": "KDIST",
      "pfar": 0.0,
      "dist_r1": 2.78,
      "e_dist_r1": 0.44,
      "pint_r1": 0.49,
      "arm_r1": null,
      "dist_r2": 2.47,
      "e_dist_r2": 0.22,
      "pint_r2": 0.34,
      "arm_r2": "SgN",
      "diam": 0.21,
      "e_diam": 0.03,
      "mass": 241.28,
      "e_mass": 76.38,
      "blum": 4083.78,
      "e_blum": 1292.71,
      "lmrat": 16.93,
      "e_lmrat": 7.58,
      "temp": 19.6,
      "e_temp": 0.3,
      "lrat": 80.6,
      "e_lrat": 16.12,
      "tbol": 56.33,
      "e_tbol": 11.27,
      "sigma": 1.51,
      "e_sigma": 0.48,
      "glon": 32.47351,
      "glat": 0.20564,
      "mwpr": 0.00312,
      "e_glon": 0.00071,
      "e_glat": 0.00118,
      "e_mwpr": 0.00118,
      "hrate": 0.41,
      "f8": 2.2146,
      "e_f8": 0.1141,
      "f12": 1.2484,
      "e_f12": 0.4643,
      "f24": null,
      "e_f24": null,
      "f70": 171.1721,
      "e_f70": 0.2446,
      "n8": 5,
      "n12": 5,
      "n24": 0,
      "n70": 5,
      "f_sat": "0010",
      "f_multi": 1,
      "f_nosrc": "0000",
      "f_pconf": "0000",
      "f_cext": 0,
      "vlsr": 49.24,
      "e_vlsr": 0.1,
      "stype": "SP",
      "vlsr_g": 49.24,
      "vlsr_s": null,
      "vlsr_f": null,
      "vlsr_t": null,
      "vlsr_dht": null,
      "vlsr_dgt": null,
      "dgt": null,
      "vlsr_c": 49.0,
      "vlsr_m": 51.12,
      "e_vlsr_m": 0.78,
      "higal": "HIGALBM32.4725+0.2040",
      "agal": "G032.4719+0.2044",
      "corn": "G032.4727+00.2036",
      "corn_t": "UCHII Region",
      "rms": "G032.4727+00.2041",
      "rms_t": "HII region",
      "wise": "G032.473+00.204",
      "wise_t": "K"
    }
  ]
}
