{
  "Sources": [
    {
      "source": "YB1329",
      "yb_number": 1329,
      "reference": "WolfChase25",
      "dist": 5.14,
      "e_dist": 0.47,
      "dist_c": 8.74,
      "dist_m": 8.74,
      "e_dist_m": 0.42,
      "stat_m": "NO_KDA",
      "pfar": 0.5,
      "dist_r1": 5.14,
      "e_dist_r1": 0.47,
      "pint_r1": 0.81,
      "arm_r1": "ScN",
      "dist_r2": 6.54,
      "e_dist_r2": 0.6,
      "pint_r2": 0.19,
      "arm_r2": "ScF",
      "diam": 0.43,
      "e_diam": 0.04,
      "mass": 221.35,
      "e_mass": 42.43,
      "blum": 13739.94,
      "e_blum": 2512.75,
      "lmrat": 62.07,
      "e_lmrat": 16.45,
      "temp": 22.9,
      "e_temp": 0.5,
      "lrat": 338.3,
      "e_lrat": 67.66,
      "tbol": 64.88,
      "e_tbol": 12.98,
      "sigma": 0.32,
      "e_sigma": 0.06,
      "glon": 32.92759,
      "glat": 0.60565,
      "mwpr": 0.00499,
      "e_glon": 0.00037,
      "e_glat": 0.00053,
      "e_mwpr": 0.00125,
      "hrate": 0.66,
      "f8": 2.5824,
      "e_f8": 0.2826,
      "f12": 2.8398,
      "e_f12": 0.2879,
      "f24": null,
      "e_f24": null,
      "f70": 218.0554,
      "e_f70": 0.1693,
      "n8": 5,
      "n12": 5,
      "n24": 0,
      "n70": 5,
      "f_sat": "0010",
      "f_multi": 1,
      "f_nosrc": "0000",
      "f_pconf": "0000",
      "f_cext": 0,
      "vlsr": 91.54,
      "e_vlsr": 0.1,
      "stype": "SP",
      "vlsr_g": 91.54,
      "vlsr_s": null,
      "vlsr_f": null,
      "vlsr_t": null,
      "vlsr_dht": null,
      "vlsr_dgt": null,
      "dgt": null,
      "vlsr_c": 91.6,
      "vlsr_m": 91.56,
      "e_vlsr_m": 0.09,
      "higal": "HIGALBM32.9273+0.6065",
      "agal": "G032.9262+0.6058",
      "corn": "G032.9273+00.6060",
      "corn_t": "UCHII Region",
      "rms": "G032.9275+00.6063",
      "rms_t": "HII region",
      "wise": "G032.928+00.606",
      "wise_t": "K"
    }
  ]
}
