{
  "Sources": [
    {
      "source": "YB1464",
      "yb_number": 1464,
      "reference": "WolfChase25",
      "dist": 8.26,
      "e_dist": 1.11,
      "dist_c": 9.09,
      "dist_m": 9.09,
      "e_dist_m": 0.47,
      "stat_m": "SDIST_EXT",
      "pfar": 1.0,
      "dist_r1": 8.26,
      "e_dist_r1": 1.11,
      "pint_r1": 0.78,
      "arm_r1": null,
      "dist_r2": 5.07,
      "e_dist_r2": 0.41,
      "pint_r2": 0.22,
      "arm_r2": "AqS",
      "diam": 0.72,
      "e_diam": 0.1,
      "mass": 3968.98,
      "e_mass": 1091.72,
      "blum": 234940.04,
      "e_blum": 63143.69,
      "lmrat": 59.19,
      "e_lmrat": 22.76,
      "temp": 25.9,
      "e_temp": 0.7,
      "lrat": 267.7,
      "e_lrat": 53.54,
      "tbol": 64.99,
      "e_tbol": 13.0,
      "sigma": 2.04,
      "e_sigma": 0.56,
      "glon": 35.46666,
      "glat": 0.13778,
      "mwpr": 0.00556,
      "e_glon": 0.00075,
      "e_glat": 0.00065,
      "e_mwpr": 0.00148,
      "hrate": 0.41,
      "f8": 17.6643,
      "e_f8": 0.313,
      "f12": 4.9337,
      "e_f12": 0.7278,
      "f24": null,
      "e_f24": null,
      "f70": 1050.2242,
      "e_f70": 0.2629,
      "n8": 5,
      "n12": 5,
      "n24": 0,
      "n70": 5,
      "f_sat": "0010",
      "f_multi": 0,
      "f_nosrc": "0000",
      "f_pconf": "0000",
      "f_cext": 0,
      "vlsr": 77.51,
      "e_vlsr": 0.1,
      "stype": "SP",
      "vlsr_g": 77.51,
      "vlsr_s": null,
      "vlsr_f": null,
      "vlsr_t": null,
      "vlsr_dht": null,
      "vlsr_dgt": null,
      "dgt": null,
      "vlsr_c": 76.4,
      "vlsr_m": 76.5,
      "e_vlsr_m": 2.52,
      "higal": "HIGALBM35.4673+0.1392",
      "agal": "G035.4667+0.1403",
      "corn": "G035.4669+00.1394",
      "corn_t": "UCHII Region",
      "rms": "G035.4672+00.1381",
      "rms_t": "HII region",
      "wise": "G035.467+00.139",
      "wise_t": "K"
    }
  ]
}
