{
  "Sources": [
    {
      "source": "YB1423",
      "yb_number": 1423,
      "reference": "WolfChase25",
      "dist": 14.43,
      "e_dist": 0.42,
      "dist_c": 15.57,
      "dist_m": 15.57,
      "e_dist_m": 0.69,
      "stat_m": "NO_AMB",
      "pfar": 0.0,
      "dist_r1": 14.43,
      "e_dist_r1": 0.42,
      "pint_r1": 1.0,
      "arm_r1": "Out",
      "dist_r2": 0.0,
      "e_dist_r2": 0.0,
      "pint_r2": 0.0,
      "arm_r2": null,
      "diam": 0.75,
      "e_diam": 0.02,
      "mass": 1241.92,
      "e_mass": 81.07,
      "blum": 30390.24,
      "e_blum": 1769.08,
      "lmrat": 24.47,
      "e_lmrat": 2.14,
      "temp": 21.8,
      "e_temp": 0.4,
      "lrat": 148.1,
      "e_lrat": 29.62,
      "tbol": 49.67,
      "e_tbol": 9.93,
      "sigma": 0.58,
      "e_sigma": 0.04,
      "glon": 34.59173,
      "glat": 0.24333,
      "mwpr": 0.00373,
      "e_glon": 0.00051,
      "e_glat": 0.00052,
      "e_mwpr": 0.00108,
      "hrate": 0.54,
      "f8": 0.4728,
      "e_f8": 0.2618,
      "f12": 0.2736,
      "e_f12": 0.465,
      "f24": 2.9465,
      "e_f24": 0.2198,
      "f70": 49.0654,
      "e_f70": 0.2517,
      "n8": 5,
      "n12": 5,
      "n24": 5,
      "n70": 5,
      "f_sat": "0000",
      "f_multi": 0,
      "f_nosrc": "0000",
      "f_pconf": "0000",
      "f_cext": 0,
      "vlsr": -22.33,
      "e_vlsr": 0.21,
      "stype": "SP",
      "vlsr_g": 53.49,
      "vlsr_s": null,
      "vlsr_f": null,
      "vlsr_t": null,
      "vlsr_dht": null,
      "vlsr_dgt": null,
      "dgt": null,
      "vlsr_c": -22.3,
      "vlsr_m": -22.33,
      "e_vlsr_m": 0.21,
      "higal": "HIGALBM34.5917+0.2439",
      "agal": "G034.5913+0.2428",
      "corn": "G034.5920+00.2434",
      "corn_t": "UCHII Region",
      "rms": null,
      "rms_t": null,
      "wise": "G034.591+00.244",
      "wise_t": "K"
    }
  ]
}
