{
  "Sources": [
    {
      "source": "YB1404",
      "yb_number": 1404,
      "reference": "WolfChase25",
      "dist": 11.73,
      "e_dist": 0.28,
      "dist_c": 11.62,
      "dist_m": 11.64,
      "e_dist_m": 0.4,
      "stat_m": "SDIST_EXT",
      "pfar": 1.0,
      "dist_r1": 11.73,
      "e_dist_r1": 0.28,
      "pint_r1": 0.96,
      "arm_r1": "Per",
      "dist_r2": 2.14,
      "e_dist_r2": 0.25,
      "pint_r2": 0.04,
      "arm_r2": "SgN",
      "diam": 0.56,
      "e_diam": 0.01,
      "mass": 350.44,
      "e_mass": 68.12,
      "blum": 27391.12,
      "e_blum": 1307.67,
      "lmrat": 78.16,
      "e_lmrat": 15.64,
      "temp": 27.3,
      "e_temp": 1.7,
      "lrat": 309.7,
      "e_lrat": 61.94,
      "tbol": 76.6,
      "e_tbol": 15.32,
      "sigma": 0.31,
      "e_sigma": 0.06,
      "glon": 34.08883,
      "glat": 0.43579,
      "mwpr": 0.00392,
      "e_glon": 0.00118,
      "e_glat": 0.00073,
      "e_mwpr": 0.00167,
      "hrate": 0.47,
      "f8": 1.9197,
      "e_f8": 0.6486,
      "f12": 1.6705,
      "e_f12": 0.4675,
      "f24": 8.5042,
      "e_f24": 0.4606,
      "f70": 81.9874,
      "e_f70": 0.5261,
      "n8": 5,
      "n12": 5,
      "n24": 5,
      "n70": 5,
      "f_sat": "0000",
      "f_multi": 0,
      "f_nosrc": "0000",
      "f_pconf": "0000",
      "f_cext": 0,
      "vlsr": 33.94,
      "e_vlsr": 0.1,
      "stype": "SP",
      "vlsr_g": 33.94,
      "vlsr_s": null,
      "vlsr_f": null,
      "vlsr_t": null,
      "vlsr_dht": null,
      "vlsr_dgt": null,
      "dgt": null,
      "vlsr_c": 34.5,
      "vlsr_m": 34.16,
      "e_vlsr_m": 0.12,
      "higal": "HIGALBM34.0901+0.4367",
      "agal": "G034.0900+0.4349",
      "corn": "G034.0901+00.4365",
      "corn_t": "UCHII Region",
      "rms": null,
      "rms_t": null,
      "wise": "G034.089+00.438",
      "wise_t": "K"
    }
  ]
}
