{
  "Sources": [
    {
      "source": "YB1405",
      "yb_number": 1405,
      "reference": "WolfChase25",
      "dist": 9.74,
      "e_dist": 0.41,
      "dist_c": 3.44,
      "dist_m": 3.47,
      "e_dist_m": 0.37,
      "stat_m": "SDIST_EXT",
      "pfar": 0.5,
      "dist_r1": 9.74,
      "e_dist_r1": 0.41,
      "pint_r1": 0.97,
      "arm_r1": "SgF",
      "dist_r2": 2.93,
      "e_dist_r2": 0.17,
      "pint_r2": 0.03,
      "arm_r2": "...",
      "diam": 0.48,
      "e_diam": 0.02,
      "mass": 2266.35,
      "e_mass": 214.41,
      "blum": 51397.31,
      "e_blum": 4327.08,
      "lmrat": 22.68,
      "e_lmrat": 2.87,
      "temp": 23.1,
      "e_temp": 0.2,
      "lrat": 128.6,
      "e_lrat": 25.72,
      "tbol": 47.85,
      "e_tbol": 9.57,
      "sigma": 2.69,
      "e_sigma": 0.25,
      "glon": 34.09647,
      "glat": 0.01807,
      "mwpr": 0.00361,
      "e_glon": 0.00033,
      "e_glat": 0.00061,
      "e_mwpr": 0.00281,
      "hrate": 0.22,
      "f8": 0.3292,
      "e_f8": 0.1531,
      "f12": 0.1012,
      "e_f12": 0.771,
      "f24": 2.1004,
      "e_f24": 0.1964,
      "f70": 97.9497,
      "e_f70": 0.1888,
      "n8": 5,
      "n12": 5,
      "n24": 5,
      "n70": 5,
      "f_sat": "0000",
      "f_multi": 1,
      "f_nosrc": "0000",
      "f_pconf": "0000",
      "f_cext": 0,
      "vlsr": 53.71,
      "e_vlsr": 0.1,
      "stype": "MP:1",
      "vlsr_g": 56.68,
      "vlsr_s": null,
      "vlsr_f": null,
      "vlsr_t": null,
      "vlsr_dht": null,
      "vlsr_dgt": 53.71,
      "dgt": "THOR_1720",
      "vlsr_c": 57.9,
      "vlsr_m": 58.38,
      "e_vlsr_m": 0.21,
      "higal": "HIGALBM34.0966+0.0179",
      "agal": "G034.0954+0.0164",
      "corn": null,
      "corn_t": null,
      "rms": null,
      "rms_t": null,
      "wise": "G034.095+00.017",
      "wise_t": "Q"
    }
  ]
}
