{
  "Sources": [
    {
      "source": "YB1407",
      "yb_number": 1407,
      "reference": "WolfChase25",
      "dist": 11.71,
      "e_dist": 0.29,
      "dist_c": 11.57,
      "dist_m": 11.6,
      "e_dist_m": 0.4,
      "stat_m": "SDIST_EXT",
      "pfar": 1.0,
      "dist_r1": 11.71,
      "e_dist_r1": 0.29,
      "pint_r1": 0.94,
      "arm_r1": "Per",
      "dist_r2": 2.12,
      "e_dist_r2": 0.26,
      "pint_r2": 0.06,
      "arm_r2": "SgN",
      "diam": 0.99,
      "e_diam": 0.02,
      "mass": 3102.23,
      "e_mass": 333.54,
      "blum": 326757.56,
      "e_blum": 16184.4,
      "lmrat": 105.33,
      "e_lmrat": 12.47,
      "temp": 23.4,
      "e_temp": 0.8,
      "lrat": 556.9,
      "e_lrat": 111.38,
      "tbol": 56.49,
      "e_tbol": 11.3,
      "sigma": 0.84,
      "e_sigma": 0.09,
      "glon": 34.13245,
      "glat": 0.47129,
      "mwpr": 0.00488,
      "e_glon": 0.00053,
      "e_glat": 0.00054,
      "e_mwpr": 0.00237,
      "hrate": 0.69,
      "f8": 5.9934,
      "e_f8": 0.3633,
      "f12": 3.6556,
      "e_f12": 0.6289,
      "f24": null,
      "e_f24": null,
      "f70": 323.5057,
      "e_f70": 0.3321,
      "n8": 5,
      "n12": 5,
      "n24": 0,
      "n70": 5,
      "f_sat": "0010",
      "f_multi": 0,
      "f_nosrc": "0000",
      "f_pconf": "0000",
      "f_cext": 0,
      "vlsr": 35.21,
      "e_vlsr": 0.1,
      "stype": "SP",
      "vlsr_g": 35.21,
      "vlsr_s": null,
      "vlsr_f": null,
      "vlsr_t": null,
      "vlsr_dht": null,
      "vlsr_dgt": null,
      "dgt": null,
      "vlsr_c": 35.4,
      "vlsr_m": 34.75,
      "e_vlsr_m": 0.35,
      "higal": "HIGALBM34.1326+0.4706",
      "agal": "G034.1327+0.4701",
      "corn": "G034.1324+00.4700",
      "corn_t": "HII Region",
      "rms": "G034.1323+00.4709",
      "rms_t": "HII region",
      "wise": "G034.133+00.471",
      "wise_t": "K"
    }
  ]
}
