{
  "Sources": [
    {
      "source": "YB1592",
      "yb_number": 1592,
      "reference": "WolfChase25",
      "dist": 11.18,
      "e_dist": 0.28,
      "dist_c": 11.16,
      "dist_m": 11.21,
      "e_dist_m": 0.42,
      "stat_m": "SDIST_EXT",
      "pfar": 1.0,
      "dist_r1": 11.18,
      "e_dist_r1": 0.28,
      "pint_r1": 0.98,
      "arm_r1": "Per",
      "dist_r2": 2.03,
      "e_dist_r2": 0.2,
      "pint_r2": 0.02,
      "arm_r2": "SgN",
      "diam": 0.44,
      "e_diam": 0.01,
      "mass": 1030.48,
      "e_mass": 51.68,
      "blum": 24604.25,
      "e_blum": 1232.41,
      "lmrat": 23.88,
      "e_lmrat": 1.69,
      "temp": 25.1,
      "e_temp": 0.5,
      "lrat": 112.5,
      "e_lrat": 22.5,
      "tbol": 44.8,
      "e_tbol": 8.96,
      "sigma": 1.41,
      "e_sigma": 0.07,
      "glon": 38.54985,
      "glat": 0.16282,
      "mwpr": 0.00588,
      "e_glon": 0.00107,
      "e_glat": 0.00075,
      "e_mwpr": 0.00271,
      "hrate": 0.82,
      "f8": 2.4544,
      "e_f8": 0.48,
      "f12": 1.9072,
      "e_f12": 0.5449,
      "f24": 9.8808,
      "e_f24": 0.2592,
      "f70": 119.4634,
      "e_f70": 0.5538,
      "n8": 5,
      "n12": 5,
      "n24": 5,
      "n70": 5,
      "f_sat": "0000",
      "f_multi": 1,
      "f_nosrc": "0000",
      "f_pconf": "1000",
      "f_cext": 0,
      "vlsr": 29.69,
      "e_vlsr": 0.1,
      "stype": "MP:1",
      "vlsr_g": 29.69,
      "vlsr_s": null,
      "vlsr_f": null,
      "vlsr_t": null,
      "vlsr_dht": null,
      "vlsr_dgt": null,
      "dgt": null,
      "vlsr_c": 29.8,
      "vlsr_m": 28.89,
      "e_vlsr_m": 0.44,
      "higal": "HIGALBM38.5546+0.1627",
      "agal": "G038.5555+0.1634",
      "corn": "G038.5493+00.1646",
      "corn_t": "UCHII Region",
      "rms": "G038.5497+00.1636",
      "rms_t": "HII region",
      "wise": "G038.550+00.163",
      "wise_t": "K"
    }
  ]
}
