{
  "Sources": [
    {
      "source": "YB1559",
      "yb_number": 1559,
      "reference": "WolfChase25",
      "dist": 11.0,
      "e_dist": 0.66,
      "dist_c": 12.33,
      "dist_m": 12.24,
      "e_dist_m": 0.45,
      "stat_m": "SDIST_EXT",
      "pfar": 1.0,
      "dist_r1": 11.0,
      "e_dist_r1": 0.66,
      "pint_r1": 0.41,
      "arm_r1": "Per",
      "dist_r2": 1.9,
      "e_dist_r2": 0.07,
      "pint_r2": 0.3,
      "arm_r2": "SgN",
      "diam": 0.94,
      "e_diam": 0.06,
      "mass": 1186.69,
      "e_mass": 161.83,
      "blum": 33747.17,
      "e_blum": 4049.66,
      "lmrat": 28.44,
      "e_lmrat": 5.17,
      "temp": 21.6,
      "e_temp": 0.5,
      "lrat": 173.9,
      "e_lrat": 34.78,
      "tbol": 48.83,
      "e_tbol": 9.77,
      "sigma": 0.36,
      "e_sigma": 0.05,
      "glon": 37.75647,
      "glat": 0.56025,
      "mwpr": 0.00442,
      "e_glon": 0.00066,
      "e_glat": 0.00142,
      "e_mwpr": 0.00152,
      "hrate": 0.79,
      "f8": 1.6926,
      "e_f8": 0.2122,
      "f12": 0.8088,
      "e_f12": 0.2569,
      "f24": 4.1825,
      "e_f24": 0.0856,
      "f70": 81.9689,
      "e_f70": 0.1062,
      "n8": 5,
      "n12": 5,
      "n24": 5,
      "n70": 5,
      "f_sat": "0000",
      "f_multi": 0,
      "f_nosrc": "0000",
      "f_pconf": "0000",
      "f_cext": 0,
      "vlsr": 38.19,
      "e_vlsr": 0.1,
      "stype": "SP",
      "vlsr_g": 38.19,
      "vlsr_s": null,
      "vlsr_f": null,
      "vlsr_t": null,
      "vlsr_dht": null,
      "vlsr_dgt": null,
      "dgt": null,
      "vlsr_c": 12.8,
      "vlsr_m": 14.26,
      "e_vlsr_m": 0.16,
      "higal": "HIGALBM37.7562+0.5602",
      "agal": "G037.7578+0.5599",
      "corn": "G037.7562+00.5605",
      "corn_t": "UCHII Region",
      "rms": null,
      "rms_t": null,
      "wise": "G037.754+00.560",
      "wise_t": "K"
    }
  ]
}
