{
  "Sources": [
    {
      "source": "YB1552",
      "yb_number": 1552,
      "reference": "WolfChase25",
      "dist": 11.64,
      "e_dist": 0.39,
      "dist_c": 10.32,
      "dist_m": 10.35,
      "e_dist_m": 0.4,
      "stat_m": "SDIST_EXT",
      "pfar": 1.0,
      "dist_r1": 11.64,
      "e_dist_r1": 0.39,
      "pint_r1": 0.85,
      "arm_r1": "Per",
      "dist_r2": 2.25,
      "e_dist_r2": 0.23,
      "pint_r2": 0.15,
      "arm_r2": "SgN",
      "diam": 0.86,
      "e_diam": 0.03,
      "mass": 923.22,
      "e_mass": 61.87,
      "blum": 35748.98,
      "e_blum": 2395.55,
      "lmrat": 38.72,
      "e_lmrat": 3.67,
      "temp": 22.7,
      "e_temp": 0.7,
      "lrat": 214.2,
      "e_lrat": 42.84,
      "tbol": 52.81,
      "e_tbol": 10.56,
      "sigma": 0.33,
      "e_sigma": 0.02,
      "glon": 37.63915,
      "glat": -0.10551,
      "mwpr": 0.00364,
      "e_glon": 0.00051,
      "e_glat": 0.00042,
      "e_mwpr": 0.00123,
      "hrate": 0.74,
      "f8": 1.8273,
      "e_f8": 0.2744,
      "f12": 0.8229,
      "e_f12": 0.1488,
      "f24": 5.0185,
      "e_f24": 0.0518,
      "f70": 106.3753,
      "e_f70": 0.0868,
      "n8": 5,
      "n12": 5,
      "n24": 5,
      "n70": 5,
      "f_sat": "0000",
      "f_multi": 1,
      "f_nosrc": "0000",
      "f_pconf": "0000",
      "f_cext": 0,
      "vlsr": 19.06,
      "e_vlsr": 0.1,
      "stype": "SP",
      "vlsr_g": 19.06,
      "vlsr_s": null,
      "vlsr_f": null,
      "vlsr_t": null,
      "vlsr_dht": null,
      "vlsr_dgt": null,
      "dgt": null,
      "vlsr_c": 47.2,
      "vlsr_m": 46.7,
      "e_vlsr_m": 0.13,
      "higal": "HIGALBM37.6394-0.1049",
      "agal": "G037.6374-0.1040",
      "corn": null,
      "corn_t": null,
      "rms": "G037.6390-00.1054",
      "rms_t": "HII region",
      "wise": "G037.639-00.106",
      "wise_t": "C"
    }
  ]
}
