{
  "Sources": [
    {
      "source": "YB1565",
      "yb_number": 1565,
      "reference": "WolfChase25",
      "dist": 11.62,
      "e_dist": 0.29,
      "dist_c": 12.05,
      "dist_m": 11.94,
      "e_dist_m": 0.57,
      "stat_m": "SDIST_EXT",
      "pfar": 1.0,
      "dist_r1": 11.62,
      "e_dist_r1": 0.29,
      "pint_r1": 1.0,
      "arm_r1": "Per",
      "dist_r2": 0.0,
      "e_dist_r2": 0.0,
      "pint_r2": 0.0,
      "arm_r2": null,
      "diam": 0.36,
      "e_diam": 0.01,
      "mass": 1484.22,
      "e_mass": 85.73,
      "blum": 100308.01,
      "e_blum": 5006.77,
      "lmrat": 67.58,
      "e_lmrat": 5.16,
      "temp": 34.8,
      "e_temp": 0.4,
      "lrat": 191.9,
      "e_lrat": 38.38,
      "tbol": 47.43,
      "e_tbol": 9.49,
      "sigma": 3.04,
      "e_sigma": 0.18,
      "glon": 37.8196,
      "glat": 0.4133,
      "mwpr": 0.0052,
      "e_glon": 0.0005,
      "e_glat": 0.00046,
      "e_mwpr": 0.00164,
      "hrate": 0.48,
      "f8": 0.8967,
      "e_f8": 0.5812,
      "f12": 0.4466,
      "e_f12": 0.3303,
      "f24": 6.4954,
      "e_f24": 0.1401,
      "f70": 214.171,
      "e_f70": 0.0984,
      "n8": 5,
      "n12": 5,
      "n24": 5,
      "n70": 5,
      "f_sat": "0000",
      "f_multi": 1,
      "f_nosrc": "0000",
      "f_pconf": "0000",
      "f_cext": 0,
      "vlsr": 18.43,
      "e_vlsr": 0.1,
      "stype": "SP",
      "vlsr_g": 18.43,
      "vlsr_s": null,
      "vlsr_f": null,
      "vlsr_t": null,
      "vlsr_dht": null,
      "vlsr_dgt": null,
      "dgt": null,
      "vlsr_c": 17.1,
      "vlsr_m": 18.92,
      "e_vlsr_m": 5.69,
      "higal": "HIGALBM37.8196+0.4124",
      "agal": "G037.8198+0.4124",
      "corn": "G037.8197+00.4140",
      "corn_t": "UCHII Region",
      "rms": "G037.8195+00.4132",
      "rms_t": "HII region",
      "wise": "G037.820+00.414",
      "wise_t": "K"
    }
  ]
}
