{
  "Sources": [
    {
      "source": "YB1659",
      "yb_number": 1659,
      "reference": "WolfChase25",
      "dist": 8.54,
      "e_dist": 0.43,
      "dist_c": 9.1,
      "dist_m": 9.12,
      "e_dist_m": 0.49,
      "stat_m": "SDIST_EXT",
      "pfar": 1.0,
      "dist_r1": 8.54,
      "e_dist_r1": 0.43,
      "pint_r1": 1.0,
      "arm_r1": "SgF",
      "dist_r2": 0.0,
      "e_dist_r2": 0.0,
      "pint_r2": 0.0,
      "arm_r2": null,
      "diam": 1.28,
      "e_diam": 0.06,
      "mass": 1686.74,
      "e_mass": 1618.61,
      "blum": 20949.19,
      "e_blum": 4690.98,
      "lmrat": 12.42,
      "e_lmrat": 12.24,
      "temp": 16.6,
      "e_temp": 0.6,
      "lrat": 131.6,
      "e_lrat": 26.32,
      "tbol": 53.32,
      "e_tbol": 10.66,
      "sigma": 0.27,
      "e_sigma": 0.26,
      "glon": 39.72829,
      "glat": -0.39711,
      "mwpr": 0.00507,
      "e_glon": 0.00054,
      "e_glat": 0.00116,
      "e_mwpr": 0.00207,
      "hrate": 0.57,
      "f8": 2.7029,
      "e_f8": 0.6201,
      "f12": 2.4084,
      "e_f12": 0.4199,
      "f24": 9.0839,
      "e_f24": 0.2698,
      "f70": 116.8192,
      "e_f70": 0.3832,
      "n8": 5,
      "n12": 5,
      "n24": 5,
      "n70": 5,
      "f_sat": "0000",
      "f_multi": 1,
      "f_nosrc": "0000",
      "f_pconf": "0000",
      "f_cext": 0,
      "vlsr": 60.67,
      "e_vlsr": 0.1,
      "stype": "SP",
      "vlsr_g": 60.67,
      "vlsr_s": null,
      "vlsr_f": null,
      "vlsr_t": null,
      "vlsr_dht": null,
      "vlsr_dgt": null,
      "dgt": null,
      "vlsr_c": 60.7,
      "vlsr_m": 60.28,
      "e_vlsr_m": 2.49,
      "higal": "HIGALBM39.7278-0.3976",
      "agal": "G039.7275-0.3987",
      "corn": "G039.7277-00.3973",
      "corn_t": "HII Region",
      "rms": null,
      "rms_t": null,
      "wise": "G039.728-00.396",
      "wise_t": "K"
    }
  ]
}
