{
  "Sources": [
    {
      "source": "YB1620",
      "yb_number": 1620,
      "reference": "WolfChase25",
      "dist": 14.01,
      "e_dist": 0.45,
      "dist_c": 14.98,
      "dist_m": 14.98,
      "e_dist_m": 0.64,
      "stat_m": "NO_AMB",
      "pfar": 0.0,
      "dist_r1": 14.01,
      "e_dist_r1": 0.45,
      "pint_r1": 1.0,
      "arm_r1": "Out",
      "dist_r2": 0.0,
      "e_dist_r2": 0.0,
      "pint_r2": 0.0,
      "arm_r2": null,
      "diam": 0.64,
      "e_diam": 0.02,
      "mass": 522.63,
      "e_mass": 37.78,
      "blum": 58989.41,
      "e_blum": 3789.47,
      "lmrat": 112.87,
      "e_lmrat": 10.92,
      "temp": 29.9,
      "e_temp": 0.8,
      "lrat": 383.1,
      "e_lrat": 76.62,
      "tbol": 58.21,
      "e_tbol": 11.64,
      "sigma": 0.35,
      "e_sigma": 0.03,
      "glon": 39.19555,
      "glat": 0.22435,
      "mwpr": 0.00427,
      "e_glon": 0.00047,
      "e_glat": 0.00092,
      "e_mwpr": 0.0019,
      "hrate": 0.47,
      "f8": 0.8045,
      "e_f8": 0.2651,
      "f12": 1.1321,
      "e_f12": 0.3259,
      "f24": null,
      "e_f24": null,
      "f70": 103.4573,
      "e_f70": 0.1289,
      "n8": 5,
      "n12": 5,
      "n24": 0,
      "n70": 5,
      "f_sat": "0010",
      "f_multi": 0,
      "f_nosrc": "0000",
      "f_pconf": "0000",
      "f_cext": 0,
      "vlsr": -26.31,
      "e_vlsr": 0.13,
      "stype": "MP:2",
      "vlsr_g": 29.86,
      "vlsr_s": null,
      "vlsr_f": null,
      "vlsr_t": null,
      "vlsr_dht": null,
      "vlsr_dgt": null,
      "dgt": null,
      "vlsr_c": -26.3,
      "vlsr_m": -26.31,
      "e_vlsr_m": 0.13,
      "higal": "HIGALBM39.1956+0.2253",
      "agal": "G039.1949+0.2259",
      "corn": "G039.1956+00.2255",
      "corn_t": "UCHII Region",
      "rms": "G039.1953+00.2254",
      "rms_t": "HII region",
      "wise": "G039.196+00.224",
      "wise_t": "K"
    }
  ]
}
