{
  "Sources": [
    {
      "source": "YB1603",
      "yb_number": 1603,
      "reference": "WolfChase25",
      "dist": 11.43,
      "e_dist": 0.29,
      "dist_c": 11.76,
      "dist_m": 11.76,
      "e_dist_m": 0.44,
      "stat_m": "NO_KDA",
      "pfar": 0.5,
      "dist_r1": 11.43,
      "e_dist_r1": 0.29,
      "pint_r1": 0.92,
      "arm_r1": "Per",
      "dist_r2": 2.18,
      "e_dist_r2": 0.21,
      "pint_r2": 0.08,
      "arm_r2": "SgN",
      "diam": 0.63,
      "e_diam": 0.02,
      "mass": 1060.58,
      "e_mass": 119.63,
      "blum": 95875.66,
      "e_blum": 4865.08,
      "lmrat": 90.4,
      "e_lmrat": 11.18,
      "temp": 26.0,
      "e_temp": 0.7,
      "lrat": 393.1,
      "e_lrat": 78.62,
      "tbol": 53.55,
      "e_tbol": 10.71,
      "sigma": 0.71,
      "e_sigma": 0.08,
      "glon": 38.8753,
      "glat": 0.309,
      "mwpr": 0.00434,
      "e_glon": 0.00079,
      "e_glat": 0.00095,
      "e_mwpr": 0.00285,
      "hrate": 0.41,
      "f8": 1.1023,
      "e_f8": 0.1908,
      "f12": 1.0002,
      "e_f12": 0.4147,
      "f24": null,
      "e_f24": null,
      "f70": 237.5354,
      "e_f70": 0.1503,
      "n8": 5,
      "n12": 5,
      "n24": 0,
      "n70": 5,
      "f_sat": "0010",
      "f_multi": 0,
      "f_nosrc": "0000",
      "f_pconf": "0000",
      "f_cext": 0,
      "vlsr": 18.85,
      "e_vlsr": 0.1,
      "stype": "SP",
      "vlsr_g": 18.85,
      "vlsr_s": null,
      "vlsr_f": null,
      "vlsr_t": null,
      "vlsr_dht": null,
      "vlsr_dgt": null,
      "dgt": null,
      "vlsr_c": 18.8,
      "vlsr_m": 18.84,
      "e_vlsr_m": 0.06,
      "higal": "HIGALBM38.8755+0.3084",
      "agal": "G038.8758+0.3089",
      "corn": "G038.8756+00.3080",
      "corn_t": "UCHII Region",
      "rms": "G038.8750+00.3088",
      "rms_t": "HII region",
      "wise": "G038.875+00.308",
      "wise_t": "K"
    }
  ]
}
