{
  "Sources": [
    {
      "source": "YB2107",
      "yb_number": 2107,
      "reference": "WolfChase25",
      "dist": 9.62,
      "e_dist": 0.36,
      "dist_c": 9.47,
      "dist_m": 9.47,
      "e_dist_m": 0.49,
      "stat_m": "NO_KDA",
      "pfar": 0.5,
      "dist_r1": 9.62,
      "e_dist_r1": 0.36,
      "pint_r1": 0.82,
      "arm_r1": "Per",
      "dist_r2": 1.03,
      "e_dist_r2": 0.54,
      "pint_r2": 0.18,
      "arm_r2": null,
      "diam": 0.56,
      "e_diam": 0.02,
      "mass": 495.12,
      "e_mass": 43.35,
      "blum": 13378.56,
      "e_blum": 1001.31,
      "lmrat": 27.02,
      "e_lmrat": 3.11,
      "temp": 22.1,
      "e_temp": 0.4,
      "lrat": 157.8,
      "e_lrat": 31.56,
      "tbol": 52.96,
      "e_tbol": 10.59,
      "sigma": 0.42,
      "e_sigma": 0.04,
      "glon": 50.0459,
      "glat": 0.76992,
      "mwpr": 0.00379,
      "e_glon": 0.00075,
      "e_glat": 0.0008,
      "e_mwpr": 0.00167,
      "hrate": 0.29,
      "f8": 1.0624,
      "e_f8": 0.0908,
      "f12": 0.4548,
      "e_f12": 0.3115,
      "f24": null,
      "e_f24": null,
      "f70": 53.8963,
      "e_f70": 0.1716,
      "n8": 5,
      "n12": 5,
      "n24": 0,
      "n70": 5,
      "f_sat": "0010",
      "f_multi": 1,
      "f_nosrc": "0000",
      "f_pconf": "0000",
      "f_cext": 0,
      "vlsr": 18.21,
      "e_vlsr": 0.1,
      "stype": "MP:3",
      "vlsr_g": 18.21,
      "vlsr_s": null,
      "vlsr_f": null,
      "vlsr_t": null,
      "vlsr_dht": null,
      "vlsr_dgt": 18.21,
      "dgt": "THOR_1720",
      "vlsr_c": 18.1,
      "vlsr_m": 18.05,
      "e_vlsr_m": 0.13,
      "higal": "HIGALBM50.0455+0.7685",
      "agal": "G050.0459+0.7679",
      "corn": "G050.0457+00.7683",
      "corn_t": "PN",
      "rms": "G050.0458+00.7692",
      "rms_t": "PN",
      "wise": null,
      "wise_t": null
    }
  ]
}
