{
  "Sources": [
    {
      "source": "YB2243",
      "yb_number": 2243,
      "reference": "WolfChase25",
      "dist": 9.13,
      "e_dist": 0.47,
      "dist_c": 9.83,
      "dist_m": 9.79,
      "e_dist_m": 0.5,
      "stat_m": "SDIST_EXT",
      "pfar": 1.0,
      "dist_r1": 9.13,
      "e_dist_r1": 0.47,
      "pint_r1": 1.0,
      "arm_r1": "Per",
      "dist_r2": 0.0,
      "e_dist_r2": 0.0,
      "pint_r2": 0.0,
      "arm_r2": null,
      "diam": 0.74,
      "e_diam": 0.04,
      "mass": 1790.43,
      "e_mass": 254.08,
      "blum": 22401.2,
      "e_blum": 2306.37,
      "lmrat": 12.51,
      "e_lmrat": 2.19,
      "temp": 17.9,
      "e_temp": 0.5,
      "lrat": 114.2,
      "e_lrat": 22.84,
      "tbol": 56.36,
      "e_tbol": 11.27,
      "sigma": 0.86,
      "e_sigma": 0.12,
      "glon": 53.1871,
      "glat": 0.20945,
      "mwpr": 0.00429,
      "e_glon": 0.00071,
      "e_glat": 0.00036,
      "e_mwpr": 0.00121,
      "hrate": 0.56,
      "f8": 2.5007,
      "e_f8": 0.2153,
      "f12": 1.3781,
      "e_f12": 0.1375,
      "f24": 11.0316,
      "e_f24": 0.0754,
      "f70": 104.067,
      "e_f70": 0.0813,
      "n8": 6,
      "n12": 6,
      "n24": 6,
      "n70": 6,
      "f_sat": "0000",
      "f_multi": 1,
      "f_nosrc": "0000",
      "f_pconf": "0000",
      "f_cext": 0,
      "vlsr": 3.12,
      "e_vlsr": 0.1,
      "stype": "SP",
      "vlsr_g": 3.12,
      "vlsr_s": null,
      "vlsr_f": null,
      "vlsr_t": null,
      "vlsr_dht": null,
      "vlsr_dgt": null,
      "dgt": null,
      "vlsr_c": 2.4,
      "vlsr_m": 2.91,
      "e_vlsr_m": 0.14,
      "higal": "HIGALBM53.1859+0.2090",
      "agal": "G053.1838+0.2100",
      "corn": "G053.1865+00.2085",
      "corn_t": "HII Region",
      "rms": "G053.1865+00.2093",
      "rms_t": "HII region",
      "wise": "G053.188+00.209",
      "wise_t": "K"
    }
  ]
}
