{
  "Sources": [
    {
      "source": "YB280",
      "yb_number": 280,
      "reference": "WolfChase25",
      "dist": 8.21,
      "e_dist": 0.12,
      "dist_c": 11.04,
      "dist_m": 11.04,
      "e_dist_m": 0.27,
      "stat_m": "NO_KDA",
      "pfar": 0.5,
      "dist_r1": 8.21,
      "e_dist_r1": 0.12,
      "pint_r1": 0.67,
      "arm_r1": "CnX",
      "dist_r2": 10.77,
      "e_dist_r2": 0.23,
      "pint_r2": 0.33,
      "arm_r2": "3kF",
      "diam": 1.19,
      "e_diam": 0.02,
      "mass": 692.78,
      "e_mass": 20.33,
      "blum": 24159.69,
      "e_blum": 706.25,
      "lmrat": 34.87,
      "e_lmrat": 1.44,
      "temp": 18.7,
      "e_temp": 1.4,
      "lrat": 280.1,
      "e_lrat": 56.02,
      "tbol": 56.65,
      "e_tbol": 11.33,
      "sigma": 0.13,
      "e_sigma": 0.0,
      "glon": 10.44054,
      "glat": 0.01111,
      "mwpr": 0.00371,
      "e_glon": 0.00132,
      "e_glat": 0.00055,
      "e_mwpr": 0.00171,
      "hrate": 0.35,
      "f8": 0.9728,
      "e_f8": 0.3896,
      "f12": 1.0735,
      "e_f12": 0.3617,
      "f24": 10.9417,
      "e_f24": 0.2592,
      "f70": 82.3486,
      "e_f70": 0.3049,
      "n8": 5,
      "n12": 5,
      "n24": 5,
      "n70": 5,
      "f_sat": "0000",
      "f_multi": 0,
      "f_nosrc": "0000",
      "f_pconf": "0000",
      "f_cext": 0,
      "vlsr": 66.5,
      "e_vlsr": 0.13,
      "stype": "MP:1",
      "vlsr_g": null,
      "vlsr_s": 66.5,
      "vlsr_f": null,
      "vlsr_t": null,
      "vlsr_dht": null,
      "vlsr_dgt": null,
      "dgt": null,
      "vlsr_c": 65.7,
      "vlsr_m": 65.7,
      "e_vlsr_m": 0.3,
      "higal": "HIGALBM10.4394+0.0100",
      "agal": "G010.4379+0.0101",
      "corn": null,
      "corn_t": null,
      "rms": "G010.4413+00.0101",
      "rms_t": "HII region",
      "wise": "G010.441+00.012",
      "wise_t": "G"
    }
  ]
}
