{
  "Sources": [
    {
      "source": "YB281",
      "yb_number": 281,
      "reference": "WolfChase25",
      "dist": 8.5,
      "e_dist": 0.85,
      "dist_c": 8.5,
      "dist_m": 8.5,
      "e_dist_m": 0.85,
      "stat_m": "MDIST",
      "pfar": 0.5,
      "dist_r1": 8.21,
      "e_dist_r1": 0.12,
      "pint_r1": 0.67,
      "arm_r1": "CnX",
      "dist_r2": 10.76,
      "e_dist_r2": 0.23,
      "pint_r2": 0.33,
      "arm_r2": "3kF",
      "diam": 0.91,
      "e_diam": 0.09,
      "mass": 2317.6,
      "e_mass": 463.54,
      "blum": 58848.1,
      "e_blum": 11769.62,
      "lmrat": 25.39,
      "e_lmrat": 7.18,
      "temp": 24.7,
      "e_temp": 1.8,
      "lrat": 121.1,
      "e_lrat": 24.22,
      "tbol": 46.27,
      "e_tbol": 9.25,
      "sigma": 0.75,
      "e_sigma": 0.15,
      "glon": 10.46063,
      "glat": 0.03409,
      "mwpr": 0.00467,
      "e_glon": 0.00102,
      "e_glat": 0.00171,
      "e_mwpr": 0.00327,
      "hrate": 0.46,
      "f8": 1.002,
      "e_f8": 0.3367,
      "f12": 0.5884,
      "e_f12": 0.9975,
      "f24": 8.1271,
      "e_f24": 0.23,
      "f70": 157.2055,
      "e_f70": 0.8647,
      "n8": 5,
      "n12": 5,
      "n24": 5,
      "n70": 5,
      "f_sat": "0000",
      "f_multi": 0,
      "f_nosrc": "0000",
      "f_pconf": "1000",
      "f_cext": 0,
      "vlsr": 69.75,
      "e_vlsr": 0.13,
      "stype": "SP",
      "vlsr_g": null,
      "vlsr_s": 69.75,
      "vlsr_f": null,
      "vlsr_t": null,
      "vlsr_dht": null,
      "vlsr_dgt": null,
      "dgt": null,
      "vlsr_c": 71.1,
      "vlsr_m": 70.9,
      "e_vlsr_m": 0.27,
      "higal": "HIGALBM10.4631+0.0298",
      "agal": "G010.4629+0.0307",
      "corn": "G010.4624+00.0343",
      "corn_t": "HII Region",
      "rms": "G010.4616+00.0327",
      "rms_t": "HII region",
      "wise": "G010.462+00.034",
      "wise_t": "K"
    }
  ]
}
