{
  "Sources": [
    {
      "source": "YB3358",
      "yb_number": 3358,
      "reference": "WolfChase25",
      "dist": 8.99,
      "e_dist": 0.89,
      "dist_c": 10.11,
      "dist_m": 10.11,
      "e_dist_m": 0.55,
      "stat_m": "NO_AMB",
      "pfar": 1.0,
      "dist_r1": 8.99,
      "e_dist_r1": 0.89,
      "pint_r1": 1.0,
      "arm_r1": "CrF",
      "dist_r2": 0.0,
      "e_dist_r2": 0.0,
      "pint_r2": 0.0,
      "arm_r2": null,
      "diam": 1.2,
      "e_diam": 0.12,
      "mass": 1351.72,
      "e_mass": 1535.19,
      "blum": 13957.21,
      "e_blum": 3927.99,
      "lmrat": 10.33,
      "e_lmrat": 12.08,
      "temp": 15.5,
      "e_temp": 0.4,
      "lrat": 127.6,
      "e_lrat": 25.52,
      "tbol": 57.18,
      "e_tbol": 11.44,
      "sigma": 0.25,
      "e_sigma": 0.28,
      "glon": 297.62594,
      "glat": -0.90307,
      "mwpr": 0.0059,
      "e_glon": 0.00074,
      "e_glat": 0.00142,
      "e_mwpr": 0.00186,
      "hrate": 0.51,
      "f8": 1.2876,
      "e_f8": 0.4499,
      "f12": 1.1379,
      "e_f12": 0.3129,
      "f24": 6.0416,
      "e_f24": 0.2228,
      "f70": 86.1145,
      "e_f70": 0.2636,
      "n8": 5,
      "n12": 5,
      "n24": 5,
      "n70": 5,
      "f_sat": "0000",
      "f_multi": 0,
      "f_nosrc": "0000",
      "f_pconf": "0001",
      "f_cext": 0,
      "vlsr": 30.3,
      "e_vlsr": 0.12,
      "stype": "OUT",
      "vlsr_g": null,
      "vlsr_s": null,
      "vlsr_f": null,
      "vlsr_t": null,
      "vlsr_dht": null,
      "vlsr_dgt": null,
      "dgt": null,
      "vlsr_c": 30.3,
      "vlsr_m": 30.3,
      "e_vlsr_m": 0.12,
      "higal": "HIGALBM297.6247-0.9053",
      "agal": "CSC297.626-00.904",
      "corn": "G297.6270-0.9029",
      "corn_t": "HII Region",
      "rms": "G297.6252-00.9043",
      "rms_t": "HII region",
      "wise": "G297.626-00.906",
      "wise_t": "C"
    }
  ]
}
