{
  "Sources": [
    {
      "source": "YB3545",
      "yb_number": 3545,
      "reference": "WolfChase25",
      "dist": 11.05,
      "e_dist": 0.54,
      "dist_c": 11.66,
      "dist_m": 11.52,
      "e_dist_m": 0.56,
      "stat_m": "NO_AMB",
      "pfar": 0.0,
      "dist_r1": 11.05,
      "e_dist_r1": 0.54,
      "pint_r1": 1.0,
      "arm_r1": "CrF",
      "dist_r2": 0.0,
      "e_dist_r2": 0.0,
      "pint_r2": 0.0,
      "arm_r2": null,
      "diam": 0.5,
      "e_diam": 0.02,
      "mass": 711.03,
      "e_mass": 82.26,
      "blum": 37035.27,
      "e_blum": 3619.74,
      "lmrat": 52.09,
      "e_lmrat": 7.89,
      "temp": 25.0,
      "e_temp": 0.4,
      "lrat": 244.4,
      "e_lrat": 48.88,
      "tbol": 54.89,
      "e_tbol": 10.98,
      "sigma": 0.76,
      "e_sigma": 0.09,
      "glon": 302.45235,
      "glat": -0.73899,
      "mwpr": 0.00449,
      "e_glon": 0.00177,
      "e_glat": 0.00094,
      "e_mwpr": 0.00215,
      "hrate": 0.24,
      "f8": 1.7132,
      "e_f8": 0.2508,
      "f12": 0.8028,
      "e_f12": 0.1489,
      "f24": 7.3661,
      "e_f24": 0.0238,
      "f70": 103.8687,
      "e_f70": 0.0331,
      "n8": 5,
      "n12": 5,
      "n24": 5,
      "n70": 5,
      "f_sat": "0000",
      "f_multi": 0,
      "f_nosrc": "0000",
      "f_pconf": "0000",
      "f_cext": 0,
      "vlsr": 32.85,
      "e_vlsr": 0.15,
      "stype": "LSNR",
      "vlsr_g": null,
      "vlsr_s": null,
      "vlsr_f": null,
      "vlsr_t": 32.85,
      "vlsr_dht": null,
      "vlsr_dgt": null,
      "dgt": null,
      "vlsr_c": 35.8,
      "vlsr_m": 34.1,
      "e_vlsr_m": 0.37,
      "higal": "HIGALBM302.4545-0.7406",
      "agal": "G302.4537-0.7405",
      "corn": null,
      "corn_t": null,
      "rms": "G302.4546-00.7401",
      "rms_t": "YSO",
      "wise": "G302.453-00.740",
      "wise_t": "Q"
    }
  ]
}
