{
  "Sources": [
    {
      "source": "YB3591",
      "yb_number": 3591,
      "reference": "WolfChase25",
      "dist": 10.99,
      "e_dist": 0.47,
      "dist_c": 11.02,
      "dist_m": 11.02,
      "e_dist_m": 0.54,
      "stat_m": "NO_AMB",
      "pfar": 0.0,
      "dist_r1": 10.99,
      "e_dist_r1": 0.47,
      "pint_r1": 1.0,
      "arm_r1": "CrF",
      "dist_r2": 0.0,
      "e_dist_r2": 0.0,
      "pint_r2": 0.0,
      "arm_r2": null,
      "diam": 1.02,
      "e_diam": 0.04,
      "mass": 1225.6,
      "e_mass": 158.03,
      "blum": 43824.51,
      "e_blum": 3748.41,
      "lmrat": 35.76,
      "e_lmrat": 5.53,
      "temp": 22.7,
      "e_temp": 0.6,
      "lrat": 197.8,
      "e_lrat": 39.56,
      "tbol": 50.2,
      "e_tbol": 10.04,
      "sigma": 0.32,
      "e_sigma": 0.04,
      "glon": 303.48465,
      "glat": -0.46047,
      "mwpr": 0.00479,
      "e_glon": 0.00032,
      "e_glat": 0.00036,
      "e_mwpr": 0.00107,
      "hrate": 0.68,
      "f8": 3.5488,
      "e_f8": 0.0801,
      "f12": 1.4575,
      "e_f12": 0.176,
      "f24": 7.7243,
      "e_f24": 0.057,
      "f70": 130.6194,
      "e_f70": 0.0698,
      "n8": 5,
      "n12": 5,
      "n24": 5,
      "n70": 5,
      "f_sat": "0000",
      "f_multi": 1,
      "f_nosrc": "0000",
      "f_pconf": "0000",
      "f_cext": 0,
      "vlsr": 24.5,
      "e_vlsr": 0.13,
      "stype": "SP",
      "vlsr_g": null,
      "vlsr_s": 24.5,
      "vlsr_f": null,
      "vlsr_t": null,
      "vlsr_dht": null,
      "vlsr_dgt": null,
      "dgt": null,
      "vlsr_c": 24.6,
      "vlsr_m": 24.56,
      "e_vlsr_m": 0.08,
      "higal": "HIGALBM303.4840-0.4601",
      "agal": "G303.4832-0.4608",
      "corn": "G303.4840-0.4601",
      "corn_t": "HII Region",
      "rms": null,
      "rms_t": null,
      "wise": "G303.484-00.460",
      "wise_t": "C"
    }
  ]
}
