{
  "Sources": [
    {
      "source": "YB3570",
      "yb_number": 3570,
      "reference": "WolfChase25",
      "dist": 8.92,
      "e_dist": 0.57,
      "dist_c": 11.12,
      "dist_m": 11.07,
      "e_dist_m": 0.54,
      "stat_m": "NO_AMB",
      "pfar": 0.0,
      "dist_r1": 8.92,
      "e_dist_r1": 0.57,
      "pint_r1": 1.0,
      "arm_r1": "?",
      "dist_r2": 0.0,
      "e_dist_r2": 0.0,
      "pint_r2": 0.0,
      "arm_r2": null,
      "diam": 0.49,
      "e_diam": 0.03,
      "mass": 689.14,
      "e_mass": 104.36,
      "blum": 81088.18,
      "e_blum": 10363.29,
      "lmrat": 117.67,
      "e_lmrat": 23.32,
      "temp": 28.3,
      "e_temp": 0.7,
      "lrat": 441.6,
      "e_lrat": 88.32,
      "tbol": 71.26,
      "e_tbol": 14.25,
      "sigma": 0.78,
      "e_sigma": 0.12,
      "glon": 303.11754,
      "glat": -0.97111,
      "mwpr": 0.00558,
      "e_glon": 0.00014,
      "e_glat": 0.00082,
      "e_mwpr": 0.00213,
      "hrate": 0.32,
      "f8": 6.0479,
      "e_f8": 0.0622,
      "f12": 1.2704,
      "e_f12": 0.3427,
      "f24": null,
      "e_f24": null,
      "f70": 355.4308,
      "e_f70": 0.0629,
      "n8": 5,
      "n12": 5,
      "n24": 0,
      "n70": 5,
      "f_sat": "0010",
      "f_multi": 1,
      "f_nosrc": "0000",
      "f_pconf": "0000",
      "f_cext": 0,
      "vlsr": -3.81,
      "e_vlsr": 0.15,
      "stype": "LSNR",
      "vlsr_g": null,
      "vlsr_s": null,
      "vlsr_f": null,
      "vlsr_t": -3.81,
      "vlsr_dht": null,
      "vlsr_dgt": null,
      "dgt": null,
      "vlsr_c": 27.0,
      "vlsr_m": 26.28,
      "e_vlsr_m": 0.14,
      "higal": "HIGALBM303.1169-0.9713",
      "agal": "G303.1169-0.9724",
      "corn": "G303.1170-0.9714",
      "corn_t": "UCHII Region",
      "rms": "G303.1179-00.9710",
      "rms_t": "HII region",
      "wise": "G303.116-00.971",
      "wise_t": "K"
    }
  ]
}
