{
  "Sources": [
    {
      "source": "YB3525",
      "yb_number": 3525,
      "reference": "WolfChase25",
      "dist": 2.92,
      "e_dist": 0.91,
      "dist_c": 3.46,
      "dist_m": 3.46,
      "e_dist_m": 1.05,
      "stat_m": "SDIST_EXT",
      "pfar": 0.0,
      "dist_r1": 2.92,
      "e_dist_r1": 0.91,
      "pint_r1": 0.52,
      "arm_r1": null,
      "dist_r2": 1.95,
      "e_dist_r2": 0.23,
      "pint_r2": 0.48,
      "arm_r2": "CrN",
      "diam": 0.17,
      "e_diam": 0.05,
      "mass": 150.99,
      "e_mass": 94.12,
      "blum": 26658.43,
      "e_blum": 16615.87,
      "lmrat": 176.56,
      "e_lmrat": 155.63,
      "temp": 33.1,
      "e_temp": 1.0,
      "lrat": 521.2,
      "e_lrat": 104.24,
      "tbol": 60.34,
      "e_tbol": 12.07,
      "sigma": 1.41,
      "e_sigma": 0.88,
      "glon": 302.03251,
      "glat": -0.06354,
      "mwpr": 0.00475,
      "e_glon": 0.0006,
      "e_glat": 0.00099,
      "e_mwpr": 0.00074,
      "hrate": 0.34,
      "f8": 10.4025,
      "e_f8": 0.1369,
      "f12": 2.3525,
      "e_f12": 0.3139,
      "f24": null,
      "e_f24": null,
      "f70": 1125.6398,
      "e_f70": 0.0777,
      "n8": 5,
      "n12": 5,
      "n24": 0,
      "n70": 5,
      "f_sat": "0010",
      "f_multi": 1,
      "f_nosrc": "0000",
      "f_pconf": "0000",
      "f_cext": 0,
      "vlsr": -34.75,
      "e_vlsr": 0.13,
      "stype": "SP",
      "vlsr_g": null,
      "vlsr_s": -34.75,
      "vlsr_f": null,
      "vlsr_t": null,
      "vlsr_dht": null,
      "vlsr_dgt": null,
      "dgt": null,
      "vlsr_c": -34.7,
      "vlsr_m": -34.66,
      "e_vlsr_m": 0.12,
      "higal": "HIGALBM302.0318-0.0599",
      "agal": "G302.0318-0.0607",
      "corn": "G302.0320-0.0605",
      "corn_t": "UCHII Region",
      "rms": "G302.0319-00.0613",
      "rms_t": "HII region",
      "wise": "G302.032-00.063",
      "wise_t": "K"
    }
  ]
}
