{
  "Sources": [
    {
      "source": "YB3529",
      "yb_number": 3529,
      "reference": "WolfChase25",
      "dist": 10.89,
      "e_dist": 0.52,
      "dist_c": 11.27,
      "dist_m": 11.27,
      "e_dist_m": 0.56,
      "stat_m": "NO_AMB",
      "pfar": 0.0,
      "dist_r1": 10.89,
      "e_dist_r1": 0.52,
      "pint_r1": 1.0,
      "arm_r1": "CrF",
      "dist_r2": 0.0,
      "e_dist_r2": 0.0,
      "pint_r2": 0.0,
      "arm_r2": null,
      "diam": 0.92,
      "e_diam": 0.04,
      "mass": 1470.02,
      "e_mass": 199.76,
      "blum": 76587.96,
      "e_blum": 7314.19,
      "lmrat": 52.1,
      "e_lmrat": 8.65,
      "temp": 23.1,
      "e_temp": 0.8,
      "lrat": 279.7,
      "e_lrat": 55.94,
      "tbol": 60.53,
      "e_tbol": 12.11,
      "sigma": 0.46,
      "e_sigma": 0.06,
      "glon": 302.15135,
      "glat": -0.94854,
      "mwpr": 0.00532,
      "e_glon": 0.00058,
      "e_glat": 0.00057,
      "e_mwpr": 0.00097,
      "hrate": 0.45,
      "f8": 6.0331,
      "e_f8": 0.1133,
      "f12": 3.0629,
      "e_f12": 0.0666,
      "f24": null,
      "e_f24": null,
      "f70": 247.8653,
      "e_f70": 0.0608,
      "n8": 5,
      "n12": 5,
      "n24": 0,
      "n70": 5,
      "f_sat": "0010",
      "f_multi": 1,
      "f_nosrc": "0000",
      "f_pconf": "0000",
      "f_cext": 0,
      "vlsr": 31.39,
      "e_vlsr": 0.15,
      "stype": "LSNR",
      "vlsr_g": null,
      "vlsr_s": null,
      "vlsr_f": null,
      "vlsr_t": 31.39,
      "vlsr_dht": null,
      "vlsr_dgt": null,
      "dgt": null,
      "vlsr_c": 31.8,
      "vlsr_m": 31.83,
      "e_vlsr_m": 0.18,
      "higal": "HIGALBM302.1498-0.9501",
      "agal": "G302.1487-0.9494",
      "corn": "G302.1520-0.9487",
      "corn_t": "HII Region",
      "rms": "G302.1515-00.9488",
      "rms_t": "HII region",
      "wise": "G302.151-00.949",
      "wise_t": "C"
    }
  ]
}
