{
  "Sources": [
    {
      "source": "YB3616",
      "yb_number": 3616,
      "reference": "WolfChase25",
      "dist": 11.33,
      "e_dist": 0.48,
      "dist_c": 11.59,
      "dist_m": 11.54,
      "e_dist_m": 0.55,
      "stat_m": "NO_AMB",
      "pfar": 0.0,
      "dist_r1": 11.33,
      "e_dist_r1": 0.48,
      "pint_r1": 1.0,
      "arm_r1": "CrF",
      "dist_r2": 0.0,
      "e_dist_r2": 0.0,
      "pint_r2": 0.0,
      "arm_r2": null,
      "diam": 1.09,
      "e_diam": 0.05,
      "mass": 3395.66,
      "e_mass": 682.22,
      "blum": 22974.56,
      "e_blum": 1946.65,
      "lmrat": 6.77,
      "e_lmrat": 1.48,
      "temp": 15.8,
      "e_temp": 0.4,
      "lrat": 81.4,
      "e_lrat": 16.28,
      "tbol": 52.33,
      "e_tbol": 10.47,
      "sigma": 0.75,
      "e_sigma": 0.15,
      "glon": 303.93675,
      "glat": -0.68905,
      "mwpr": 0.0029,
      "e_glon": 0.00106,
      "e_glat": 0.00139,
      "e_mwpr": 0.00112,
      "hrate": 0.72,
      "f8": 0.5609,
      "e_f8": 0.1609,
      "f12": 0.1058,
      "e_f12": 0.4019,
      "f24": 2.9306,
      "e_f24": 0.1994,
      "f70": 53.3634,
      "e_f70": 0.1041,
      "n8": 5,
      "n12": 5,
      "n24": 5,
      "n70": 5,
      "f_sat": "0000",
      "f_multi": 1,
      "f_nosrc": "0000",
      "f_pconf": "0000",
      "f_cext": 0,
      "vlsr": 29.19,
      "e_vlsr": 0.15,
      "stype": "LSNR",
      "vlsr_g": null,
      "vlsr_s": null,
      "vlsr_f": null,
      "vlsr_t": 29.19,
      "vlsr_dht": null,
      "vlsr_dgt": null,
      "dgt": null,
      "vlsr_c": 30.7,
      "vlsr_m": 29.95,
      "e_vlsr_m": 0.17,
      "higal": "HIGALBM303.9386-0.6892",
      "agal": "G303.9395-0.6891",
      "corn": "G303.9390-0.6895",
      "corn_t": "UCHII Region",
      "rms": null,
      "rms_t": null,
      "wise": "G303.938-00.690",
      "wise_t": "C"
    }
  ]
}
