{
  "Sources": [
    {
      "source": "YB3652",
      "yb_number": 3652,
      "reference": "WolfChase25",
      "dist": 7.56,
      "e_dist": 0.64,
      "dist_c": 7.73,
      "dist_m": 7.73,
      "e_dist_m": 0.64,
      "stat_m": "SDIST_EXT",
      "pfar": 1.0,
      "dist_r1": 7.56,
      "e_dist_r1": 0.64,
      "pint_r1": 0.54,
      "arm_r1": "CtF",
      "dist_r2": 5.51,
      "e_dist_r2": 0.61,
      "pint_r2": 0.35,
      "arm_r2": "CtN",
      "diam": 0.47,
      "e_diam": 0.04,
      "mass": 671.94,
      "e_mass": 114.95,
      "blum": 18586.21,
      "e_blum": 3146.87,
      "lmrat": 27.66,
      "e_lmrat": 6.66,
      "temp": 21.7,
      "e_temp": 0.3,
      "lrat": 169.1,
      "e_lrat": 33.82,
      "tbol": 49.92,
      "e_tbol": 9.98,
      "sigma": 0.81,
      "e_sigma": 0.14,
      "glon": 304.58453,
      "glat": 0.58029,
      "mwpr": 0.00447,
      "e_glon": 0.00037,
      "e_glat": 0.00067,
      "e_mwpr": 0.0015,
      "hrate": 0.53,
      "f8": 2.0394,
      "e_f8": 0.1218,
      "f12": 0.6306,
      "e_f12": 0.2062,
      "f24": 5.8562,
      "e_f24": 0.0399,
      "f70": 103.1373,
      "e_f70": 0.0535,
      "n8": 7,
      "n12": 7,
      "n24": 7,
      "n70": 7,
      "f_sat": "0000",
      "f_multi": 0,
      "f_nosrc": "0000",
      "f_pconf": "0000",
      "f_cext": 0,
      "vlsr": -23.24,
      "e_vlsr": 0.15,
      "stype": "SP",
      "vlsr_g": null,
      "vlsr_s": null,
      "vlsr_f": null,
      "vlsr_t": -23.24,
      "vlsr_dht": null,
      "vlsr_dgt": null,
      "dgt": null,
      "vlsr_c": -22.7,
      "vlsr_m": -22.72,
      "e_vlsr_m": 0.15,
      "higal": "HIGALBM304.5851+0.5808",
      "agal": "G304.5852+0.5819",
      "corn": "G304.5850+0.5813",
      "corn_t": "HII Region",
      "rms": null,
      "rms_t": null,
      "wise": "G304.584+00.580",
      "wise_t": "C"
    }
  ]
}
