{
  "Sources": [
    {
      "source": "YB3623",
      "yb_number": 3623,
      "reference": "WolfChase25",
      "dist": 11.42,
      "e_dist": 0.49,
      "dist_c": 4.66,
      "dist_m": 11.69,
      "e_dist_m": 0.56,
      "stat_m": "NO_AMB",
      "pfar": 0.0,
      "dist_r1": 11.42,
      "e_dist_r1": 0.49,
      "pint_r1": 1.0,
      "arm_r1": "CrF",
      "dist_r2": 0.0,
      "e_dist_r2": 0.0,
      "pint_r2": 0.0,
      "arm_r2": null,
      "diam": 0.69,
      "e_diam": 0.03,
      "mass": 720.08,
      "e_mass": 115.26,
      "blum": 37262.69,
      "e_blum": 3197.67,
      "lmrat": 51.75,
      "e_lmrat": 9.4,
      "temp": 24.3,
      "e_temp": 0.8,
      "lrat": 252.5,
      "e_lrat": 50.5,
      "tbol": 55.0,
      "e_tbol": 11.0,
      "sigma": 0.42,
      "e_sigma": 0.07,
      "glon": 303.99764,
      "glat": 0.27988,
      "mwpr": 0.0037,
      "e_glon": 0.00087,
      "e_glat": 0.00069,
      "e_mwpr": 0.00135,
      "hrate": 0.32,
      "f8": 1.8473,
      "e_f8": 0.1922,
      "f12": 0.7276,
      "e_f12": 0.079,
      "f24": 6.6391,
      "e_f24": 0.0185,
      "f70": 102.5906,
      "e_f70": 0.0728,
      "n8": 5,
      "n12": 5,
      "n24": 5,
      "n70": 5,
      "f_sat": "0000",
      "f_multi": 0,
      "f_nosrc": "0000",
      "f_pconf": "0000",
      "f_cext": 0,
      "vlsr": 31.75,
      "e_vlsr": 0.13,
      "stype": "SP",
      "vlsr_g": null,
      "vlsr_s": 31.75,
      "vlsr_f": null,
      "vlsr_t": null,
      "vlsr_dht": null,
      "vlsr_dgt": null,
      "dgt": null,
      "vlsr_c": -41.9,
      "vlsr_m": 31.78,
      "e_vlsr_m": 0.07,
      "higal": "HIGALBM303.9979+0.2800",
      "agal": "G303.9978+0.2804",
      "corn": "G303.9980+0.2801",
      "corn_t": "HII Region",
      "rms": "G303.9973+00.2800",
      "rms_t": "HII/YSO",
      "wise": "G303.997+00.279",
      "wise_t": "C"
    }
  ]
}
