{
  "Sources": [
    {
      "source": "YB3784",
      "yb_number": 3784,
      "reference": "WolfChase25",
      "dist": 12.25,
      "e_dist": 0.66,
      "dist_c": 13.42,
      "dist_m": 13.41,
      "e_dist_m": 0.61,
      "stat_m": "NO_AMB",
      "pfar": 1.0,
      "dist_r1": 12.25,
      "e_dist_r1": 0.66,
      "pint_r1": 1.0,
      "arm_r1": "CrF",
      "dist_r2": 0.0,
      "e_dist_r2": 0.0,
      "pint_r2": 0.0,
      "arm_r2": null,
      "diam": 0.84,
      "e_diam": 0.05,
      "mass": 1452.16,
      "e_mass": 156.48,
      "blum": 134787.48,
      "e_blum": 14524.04,
      "lmrat": 92.82,
      "e_lmrat": 14.14,
      "temp": 25.2,
      "e_temp": 0.6,
      "lrat": 425.6,
      "e_lrat": 85.12,
      "tbol": 62.65,
      "e_tbol": 12.53,
      "sigma": 0.55,
      "e_sigma": 0.06,
      "glon": 308.03131,
      "glat": -1.05355,
      "mwpr": 0.00479,
      "e_glon": 0.0002,
      "e_glat": 0.00026,
      "e_mwpr": 0.00116,
      "hrate": 0.28,
      "f8": 5.3343,
      "e_f8": 0.0365,
      "f12": 1.9152,
      "e_f12": 0.1373,
      "f24": null,
      "e_f24": null,
      "f70": 312.4762,
      "e_f70": 0.0365,
      "n8": 5,
      "n12": 5,
      "n24": 0,
      "n70": 5,
      "f_sat": "0010",
      "f_multi": 0,
      "f_nosrc": "0000",
      "f_pconf": "0000",
      "f_cext": 0,
      "vlsr": 41.4,
      "e_vlsr": 0.13,
      "stype": "OUT",
      "vlsr_g": null,
      "vlsr_s": null,
      "vlsr_f": null,
      "vlsr_t": null,
      "vlsr_dht": null,
      "vlsr_dgt": null,
      "dgt": null,
      "vlsr_c": 41.5,
      "vlsr_m": 41.4,
      "e_vlsr_m": 0.13,
      "higal": "HIGALBM308.0300-1.0527",
      "agal": "G308.0293-1.0532",
      "corn": "G308.0300-1.0525",
      "corn_t": "HII Region",
      "rms": "G308.0314-01.0529",
      "rms_t": "HII region",
      "wise": "G308.031-01.052",
      "wise_t": "C"
    }
  ]
}
