{
  "Sources": [
    {
      "source": "YB3783",
      "yb_number": 3783,
      "reference": "WolfChase25",
      "dist": 11.59,
      "e_dist": 0.61,
      "dist_c": 4.0,
      "dist_m": 4.0,
      "e_dist_m": 0.8,
      "stat_m": "SDIST_GROUP",
      "pfar": 0.5,
      "dist_r1": 11.59,
      "e_dist_r1": 0.61,
      "pint_r1": 1.0,
      "arm_r1": "CrF?",
      "dist_r2": 0.0,
      "e_dist_r2": 0.0,
      "pint_r2": 0.0,
      "arm_r2": "...",
      "diam": 0.67,
      "e_diam": 0.04,
      "mass": 789.18,
      "e_mass": 100.8,
      "blum": 28072.89,
      "e_blum": 2955.04,
      "lmrat": 35.57,
      "e_lmrat": 5.89,
      "temp": 21.8,
      "e_temp": 0.4,
      "lrat": 214.5,
      "e_lrat": 42.9,
      "tbol": 56.04,
      "e_tbol": 11.21,
      "sigma": 0.48,
      "e_sigma": 0.06,
      "glon": 307.95616,
      "glat": 0.01626,
      "mwpr": 0.00432,
      "e_glon": 0.00037,
      "e_glat": 0.00047,
      "e_mwpr": 0.00148,
      "hrate": 0.68,
      "f8": 1.2969,
      "e_f8": 0.2792,
      "f12": 0.4174,
      "e_f12": 0.1139,
      "f24": 4.8241,
      "e_f24": 0.0638,
      "f70": 67.5781,
      "e_f70": 0.0346,
      "n8": 5,
      "n12": 5,
      "n24": 5,
      "n70": 5,
      "f_sat": "0000",
      "f_multi": 0,
      "f_nosrc": "0000",
      "f_pconf": "0000",
      "f_cext": 0,
      "vlsr": 18.25,
      "e_vlsr": 0.1,
      "stype": "MP:1",
      "vlsr_g": null,
      "vlsr_s": -41.75,
      "vlsr_f": null,
      "vlsr_t": null,
      "vlsr_dht": null,
      "vlsr_dgt": 18.25,
      "dgt": "THOR_1665",
      "vlsr_c": -41.5,
      "vlsr_m": -41.5,
      "e_vlsr_m": 0.16,
      "higal": "HIGALBM307.9567+0.0167",
      "agal": "G307.9574+0.0160",
      "corn": "G307.9560+0.0169",
      "corn_t": "UCHII Region",
      "rms": null,
      "rms_t": null,
      "wise": "G307.957+00.016",
      "wise_t": "Q"
    }
  ]
}
