{
  "Sources": [
    {
      "source": "YB372",
      "yb_number": 372,
      "reference": "WolfChase25",
      "dist": 10.44,
      "e_dist": 0.25,
      "dist_c": 9.89,
      "dist_m": 9.89,
      "e_dist_m": 0.17,
      "stat_m": "NO_KDA",
      "pfar": 0.5,
      "dist_r1": 10.44,
      "e_dist_r1": 0.25,
      "pint_r1": 0.85,
      "arm_r1": "3kF",
      "dist_r2": 9.24,
      "e_dist_r2": 1.06,
      "pint_r2": 0.15,
      "arm_r2": null,
      "diam": 1.12,
      "e_diam": 0.03,
      "mass": 1076.76,
      "e_mass": 51.59,
      "blum": 15402.52,
      "e_blum": 737.67,
      "lmrat": 14.3,
      "e_lmrat": 0.97,
      "temp": 19.8,
      "e_temp": 0.7,
      "lrat": 103.5,
      "e_lrat": 20.7,
      "tbol": 54.03,
      "e_tbol": 10.81,
      "sigma": 0.23,
      "e_sigma": 0.01,
      "glon": 12.68062,
      "glat": 0.00745,
      "mwpr": 0.0037,
      "e_glon": 0.00101,
      "e_glat": 0.00092,
      "e_mwpr": 0.00234,
      "hrate": 0.35,
      "f8": 0.7683,
      "e_f8": 0.3755,
      "f12": 0.3094,
      "e_f12": 1.0484,
      "f24": 2.412,
      "e_f24": 0.921,
      "f70": 36.6631,
      "e_f70": 0.4618,
      "n8": 5,
      "n12": 5,
      "n24": 5,
      "n70": 5,
      "f_sat": "0000",
      "f_multi": 1,
      "f_nosrc": "0000",
      "f_pconf": "0000",
      "f_cext": 0,
      "vlsr": 111.75,
      "e_vlsr": 0.13,
      "stype": "SP",
      "vlsr_g": null,
      "vlsr_s": 111.75,
      "vlsr_f": null,
      "vlsr_t": null,
      "vlsr_dht": null,
      "vlsr_dgt": null,
      "dgt": null,
      "vlsr_c": 111.9,
      "vlsr_m": 111.9,
      "e_vlsr_m": 0.08,
      "higal": "HIGALBM12.6798+0.0085",
      "agal": "G012.6827+0.0104",
      "corn": null,
      "corn_t": null,
      "rms": "G012.6814+00.0072A",
      "rms_t": "YSO",
      "wise": "G012.685+00.008",
      "wise_t": "K"
    }
  ]
}
