{
  "Sources": [
    {
      "source": "YB3811",
      "yb_number": 3811,
      "reference": "WolfChase25",
      "dist": 10.11,
      "e_dist": 0.55,
      "dist_c": 3.63,
      "dist_m": 3.62,
      "e_dist_m": 0.73,
      "stat_m": "KDIST_IRDC",
      "pfar": 0.5,
      "dist_r1": 10.11,
      "e_dist_r1": 0.55,
      "pint_r1": 0.81,
      "arm_r1": "...?",
      "dist_r2": 0.07,
      "e_dist_r2": 0.16,
      "pint_r2": 0.19,
      "arm_r2": "...?",
      "diam": 0.92,
      "e_diam": 0.05,
      "mass": 294.76,
      "e_mass": 86.09,
      "blum": 17100.12,
      "e_blum": 1860.55,
      "lmrat": 58.01,
      "e_lmrat": 18.08,
      "temp": 26.3,
      "e_temp": 1.6,
      "lrat": 246.4,
      "e_lrat": 49.28,
      "tbol": 63.49,
      "e_tbol": 12.7,
      "sigma": 0.09,
      "e_sigma": 0.03,
      "glon": 308.734,
      "glat": -0.50844,
      "mwpr": 0.00583,
      "e_glon": 0.00081,
      "e_glat": 0.00074,
      "e_mwpr": 0.00363,
      "hrate": 0.28,
      "f8": 5.1321,
      "e_f8": 0.1739,
      "f12": 1.1546,
      "e_f12": 0.2791,
      "f24": 10.3433,
      "e_f24": 0.07,
      "f70": 101.1916,
      "e_f70": 0.0493,
      "n8": 5,
      "n12": 5,
      "n24": 5,
      "n70": 5,
      "f_sat": "0000",
      "f_multi": 1,
      "f_nosrc": "0000",
      "f_pconf": "0000",
      "f_cext": 0,
      "vlsr": -5.25,
      "e_vlsr": 0.1,
      "stype": "LSNR",
      "vlsr_g": null,
      "vlsr_s": -138.0,
      "vlsr_f": null,
      "vlsr_t": null,
      "vlsr_dht": null,
      "vlsr_dgt": -5.25,
      "dgt": "THOR_1612",
      "vlsr_c": -46.2,
      "vlsr_m": -46.06,
      "e_vlsr_m": 0.08,
      "higal": "HIGALBM308.7337-0.5071",
      "agal": null,
      "corn": "G308.7340-0.5086",
      "corn_t": "PN",
      "rms": "G308.7346-00.5086",
      "rms_t": "PN",
      "wise": "G308.734-00.510",
      "wise_t": "C"
    }
  ]
}
