{
  "Sources": [
    {
      "source": "YB3895",
      "yb_number": 3895,
      "reference": "WolfChase25",
      "dist": 12.54,
      "e_dist": 0.59,
      "dist_c": 12.49,
      "dist_m": 12.55,
      "e_dist_m": 0.57,
      "stat_m": "NO_AMB",
      "pfar": 0.0,
      "dist_r1": 12.54,
      "e_dist_r1": 0.59,
      "pint_r1": 1.0,
      "arm_r1": "CrF",
      "dist_r2": 0.0,
      "e_dist_r2": 0.0,
      "pint_r2": 0.0,
      "arm_r2": null,
      "diam": 1.16,
      "e_diam": 0.05,
      "mass": 2498.99,
      "e_mass": 236.2,
      "blum": 46597.55,
      "e_blum": 4384.78,
      "lmrat": 18.65,
      "e_lmrat": 2.49,
      "temp": 20.1,
      "e_temp": 0.2,
      "lrat": 132.1,
      "e_lrat": 26.42,
      "tbol": 56.75,
      "e_tbol": 11.35,
      "sigma": 0.49,
      "e_sigma": 0.05,
      "glon": 310.51742,
      "glat": -0.21782,
      "mwpr": 0.00593,
      "e_glon": 0.001,
      "e_glat": 0.00072,
      "e_mwpr": 0.00221,
      "hrate": 0.69,
      "f8": 2.1447,
      "e_f8": 0.298,
      "f12": 1.7814,
      "e_f12": 0.1401,
      "f24": 12.5054,
      "e_f24": 0.1188,
      "f70": 163.1857,
      "e_f70": 0.154,
      "n8": 5,
      "n12": 5,
      "n24": 5,
      "n70": 5,
      "f_sat": "0000",
      "f_multi": 0,
      "f_nosrc": "0000",
      "f_pconf": "0000",
      "f_cext": 0,
      "vlsr": 23.0,
      "e_vlsr": 0.13,
      "stype": "SP",
      "vlsr_g": null,
      "vlsr_s": 23.0,
      "vlsr_f": null,
      "vlsr_t": null,
      "vlsr_dht": null,
      "vlsr_dgt": null,
      "dgt": null,
      "vlsr_c": 23.0,
      "vlsr_m": 23.72,
      "e_vlsr_m": 1.8,
      "higal": "HIGALBM310.5153-0.2168",
      "agal": "G310.5143-0.2169",
      "corn": "G310.5150-0.2172",
      "corn_t": "HII Region",
      "rms": "G310.5163-00.2179",
      "rms_t": "HII region",
      "wise": "G310.519-00.220",
      "wise_t": "C"
    }
  ]
}
