{
  "Sources": [
    {
      "source": "YB3922",
      "yb_number": 3922,
      "reference": "WolfChase25",
      "dist": 4.74,
      "e_dist": 0.78,
      "dist_c": -1.0,
      "dist_m": 5.29,
      "e_dist_m": 1.41,
      "stat_m": "TGT_POINT",
      "pfar": 0.5,
      "dist_r1": 4.74,
      "e_dist_r1": 0.78,
      "pint_r1": 1.0,
      "arm_r1": "CtN",
      "dist_r2": 0.0,
      "e_dist_r2": 0.0,
      "pint_r2": 0.0,
      "arm_r2": null,
      "diam": 0.62,
      "e_diam": 0.1,
      "mass": 265.12,
      "e_mass": 87.28,
      "blum": 7030.11,
      "e_blum": 2313.71,
      "lmrat": 26.52,
      "e_lmrat": 12.34,
      "temp": 20.1,
      "e_temp": 0.9,
      "lrat": 6.2,
      "e_lrat": 1.24,
      "tbol": 59.55,
      "e_tbol": 11.91,
      "sigma": 0.19,
      "e_sigma": 0.06,
      "glon": 310.88959,
      "glat": 0.00939,
      "mwpr": 0.00608,
      "e_glon": 0.00133,
      "e_glat": 0.00087,
      "e_mwpr": 0.00238,
      "hrate": 0.92,
      "f8": 2.9639,
      "e_f8": 1.1704,
      "f12": 1.8452,
      "e_f12": 0.5459,
      "f24": 11.9867,
      "e_f24": 0.4286,
      "f70": 153.4772,
      "e_f70": 0.853,
      "n8": 5,
      "n12": 5,
      "n24": 5,
      "n70": 5,
      "f_sat": "0000",
      "f_multi": 1,
      "f_nosrc": "0000",
      "f_pconf": "0000",
      "f_cext": 0,
      "vlsr": -58.25,
      "e_vlsr": 0.13,
      "stype": "SP",
      "vlsr_g": null,
      "vlsr_s": -58.25,
      "vlsr_f": null,
      "vlsr_t": null,
      "vlsr_dht": null,
      "vlsr_dgt": null,
      "dgt": null,
      "vlsr_c": -59.2,
      "vlsr_m": -58.44,
      "e_vlsr_m": 0.06,
      "higal": "HIGALBM310.8919+0.0077",
      "agal": "G310.8884+0.0051",
      "corn": "G310.8920+0.0081",
      "corn_t": "HII Region",
      "rms": "G310.8902+00.0089",
      "rms_t": "HII region",
      "wise": "G310.887+00.009",
      "wise_t": "C"
    }
  ]
}
