{
  "Sources": [
    {
      "source": "YB3923",
      "yb_number": 3923,
      "reference": "WolfChase25",
      "dist": 12.96,
      "e_dist": 0.46,
      "dist_c": 12.99,
      "dist_m": 12.93,
      "e_dist_m": 0.57,
      "stat_m": "NO_AMB",
      "pfar": 0.0,
      "dist_r1": 12.96,
      "e_dist_r1": 0.46,
      "pint_r1": 1.0,
      "arm_r1": "CrF",
      "dist_r2": 0.0,
      "e_dist_r2": 0.0,
      "pint_r2": 0.0,
      "arm_r2": null,
      "diam": 1.08,
      "e_diam": 0.04,
      "mass": 4013.6,
      "e_mass": 299.79,
      "blum": 205514.54,
      "e_blum": 14589.0,
      "lmrat": 51.2,
      "e_lmrat": 5.28,
      "temp": 22.0,
      "e_temp": 0.5,
      "lrat": 305.5,
      "e_lrat": 61.1,
      "tbol": 55.1,
      "e_tbol": 11.02,
      "sigma": 0.91,
      "e_sigma": 0.07,
      "glon": 310.90181,
      "glat": -0.38124,
      "mwpr": 0.00495,
      "e_glon": 0.00052,
      "e_glat": 0.00071,
      "e_mwpr": 0.00217,
      "hrate": 0.9,
      "f8": 3.0627,
      "e_f8": 0.2166,
      "f12": 2.0302,
      "e_f12": 0.2328,
      "f24": 20.0642,
      "e_f24": 0.149,
      "f70": 312.3011,
      "e_f70": 0.1232,
      "n8": 5,
      "n12": 5,
      "n24": 5,
      "n70": 5,
      "f_sat": "0000",
      "f_multi": 0,
      "f_nosrc": "0000",
      "f_pconf": "0000",
      "f_cext": 0,
      "vlsr": 28.5,
      "e_vlsr": 0.13,
      "stype": "SP",
      "vlsr_g": null,
      "vlsr_s": 28.5,
      "vlsr_f": null,
      "vlsr_t": null,
      "vlsr_dht": null,
      "vlsr_dgt": null,
      "dgt": null,
      "vlsr_c": 28.3,
      "vlsr_m": 27.52,
      "e_vlsr_m": 0.33,
      "higal": "HIGALBM310.9024-0.3806",
      "agal": "G310.9034-0.3808",
      "corn": "G310.9040-0.3809",
      "corn_t": "HII Region",
      "rms": "G310.9009-00.3804",
      "rms_t": "HII region",
      "wise": null,
      "wise_t": null
    }
  ]
}
