{
  "Sources": [
    {
      "source": "YB3976",
      "yb_number": 3976,
      "reference": "WolfChase25",
      "dist": 6.61,
      "e_dist": 1.01,
      "dist_c": 6.88,
      "dist_m": 6.87,
      "e_dist_m": 0.76,
      "stat_m": "SDIST_EXT",
      "pfar": 1.0,
      "dist_r1": 6.61,
      "e_dist_r1": 1.01,
      "pint_r1": 0.92,
      "arm_r1": null,
      "dist_r2": 5.49,
      "e_dist_r2": 0.06,
      "pint_r2": 0.08,
      "arm_r2": "CtN",
      "diam": 0.63,
      "e_diam": 0.1,
      "mass": 3050.69,
      "e_mass": 934.71,
      "blum": 254052.08,
      "e_blum": 77637.7,
      "lmrat": 83.28,
      "e_lmrat": 36.04,
      "temp": 30.4,
      "e_temp": 0.6,
      "lrat": 286.5,
      "e_lrat": 57.3,
      "tbol": 52.37,
      "e_tbol": 10.47,
      "sigma": 2.05,
      "e_sigma": 0.63,
      "glon": 311.62729,
      "glat": 0.28961,
      "mwpr": 0.00346,
      "e_glon": 0.00068,
      "e_glat": 0.00064,
      "e_mwpr": 0.00198,
      "hrate": 0.51,
      "f8": 3.2322,
      "e_f8": 0.5608,
      "f12": 0.6161,
      "e_f12": 0.5016,
      "f24": null,
      "e_f24": null,
      "f70": 1580.0448,
      "e_f70": 0.0496,
      "n8": 5,
      "n12": 5,
      "n24": 0,
      "n70": 5,
      "f_sat": "0010",
      "f_multi": 1,
      "f_nosrc": "0000",
      "f_pconf": "0000",
      "f_cext": 0,
      "vlsr": -56.25,
      "e_vlsr": 0.13,
      "stype": "SP",
      "vlsr_g": null,
      "vlsr_s": -56.25,
      "vlsr_f": null,
      "vlsr_t": null,
      "vlsr_dht": null,
      "vlsr_dgt": null,
      "dgt": null,
      "vlsr_c": -55.2,
      "vlsr_m": -55.34,
      "e_vlsr_m": 0.1,
      "higal": "HIGALBM311.6269+0.2898",
      "agal": "G311.6261+0.2901",
      "corn": "G311.6270+0.2905",
      "corn_t": "HII Region",
      "rms": "G311.6264+00.2897",
      "rms_t": "HII region",
      "wise": "G311.629+00.289",
      "wise_t": "K"
    }
  ]
}
