{
  "Sources": [
    {
      "source": "YB4091",
      "yb_number": 4091,
      "reference": "WolfChase25",
      "dist": 8.67,
      "e_dist": 0.6,
      "dist_c": 8.69,
      "dist_m": 8.7,
      "e_dist_m": 0.53,
      "stat_m": "SDIST_EXT",
      "pfar": 1.0,
      "dist_r1": 8.67,
      "e_dist_r1": 0.6,
      "pint_r1": 0.72,
      "arm_r1": null,
      "dist_r2": 4.12,
      "e_dist_r2": 0.46,
      "pint_r2": 0.28,
      "arm_r2": "CtN",
      "diam": 0.56,
      "e_diam": 0.04,
      "mass": 1339.31,
      "e_mass": 205.67,
      "blum": 45416.82,
      "e_blum": 6286.07,
      "lmrat": 33.91,
      "e_lmrat": 7.01,
      "temp": 23.4,
      "e_temp": 0.6,
      "lrat": 180.8,
      "e_lrat": 36.16,
      "tbol": 48.26,
      "e_tbol": 9.65,
      "sigma": 1.16,
      "e_sigma": 0.18,
      "glon": 313.70185,
      "glat": -0.18753,
      "mwpr": 0.00368,
      "e_glon": 0.00225,
      "e_glat": 0.00073,
      "e_mwpr": 0.00148,
      "hrate": 0.67,
      "f8": 1.1945,
      "e_f8": 0.445,
      "f12": 0.4621,
      "e_f12": 0.9351,
      "f24": 4.1194,
      "e_f24": 0.7645,
      "f70": 161.6967,
      "e_f70": 0.8323,
      "n8": 5,
      "n12": 5,
      "n24": 5,
      "n70": 5,
      "f_sat": "0000",
      "f_multi": 1,
      "f_nosrc": "0000",
      "f_pconf": "0000",
      "f_cext": 0,
      "vlsr": -43.0,
      "e_vlsr": 0.13,
      "stype": "SP",
      "vlsr_g": null,
      "vlsr_s": -43.0,
      "vlsr_f": null,
      "vlsr_t": null,
      "vlsr_dht": null,
      "vlsr_dgt": null,
      "dgt": null,
      "vlsr_c": -42.5,
      "vlsr_m": -42.47,
      "e_vlsr_m": 0.27,
      "higal": "HIGALBM313.7053-0.1896",
      "agal": "G313.7057-0.1919",
      "corn": null,
      "corn_t": null,
      "rms": "G313.7051-00.1895",
      "rms_t": "YSO",
      "wise": "G313.703-00.186",
      "wise_t": "C"
    }
  ]
}
