{
  "Sources": [
    {
      "source": "YB4065",
      "yb_number": 4065,
      "reference": "WolfChase25",
      "dist": 8.72,
      "e_dist": 0.62,
      "dist_c": 8.67,
      "dist_m": 8.67,
      "e_dist_m": 0.53,
      "stat_m": "SDIST_EXT",
      "pfar": 1.0,
      "dist_r1": 8.72,
      "e_dist_r1": 0.62,
      "pint_r1": 0.85,
      "arm_r1": null,
      "dist_r2": 4.15,
      "e_dist_r2": 0.45,
      "pint_r2": 0.15,
      "arm_r2": "CtN",
      "diam": 0.78,
      "e_diam": 0.06,
      "mass": 591.36,
      "e_mass": 107.25,
      "blum": 30527.18,
      "e_blum": 4341.02,
      "lmrat": 51.62,
      "e_lmrat": 11.9,
      "temp": 26.2,
      "e_temp": 0.2,
      "lrat": 217.4,
      "e_lrat": 43.48,
      "tbol": 55.6,
      "e_tbol": 11.12,
      "sigma": 0.26,
      "e_sigma": 0.05,
      "glon": 313.31663,
      "glat": -0.46397,
      "mwpr": 0.0056,
      "e_glon": 0.00055,
      "e_glat": 0.00075,
      "e_mwpr": 0.00241,
      "hrate": 0.76,
      "f8": 1.9784,
      "e_f8": 2.2691,
      "f12": 2.0153,
      "e_f12": 0.242,
      "f24": 13.2065,
      "e_f24": 0.127,
      "f70": 177.1367,
      "e_f70": 0.2435,
      "n8": 5,
      "n12": 5,
      "n24": 5,
      "n70": 5,
      "f_sat": "0000",
      "f_multi": 1,
      "f_nosrc": "0000",
      "f_pconf": "0000",
      "f_cext": 0,
      "vlsr": -40.75,
      "e_vlsr": 0.13,
      "stype": "SP",
      "vlsr_g": null,
      "vlsr_s": -40.75,
      "vlsr_f": null,
      "vlsr_t": null,
      "vlsr_dht": null,
      "vlsr_dgt": null,
      "dgt": null,
      "vlsr_c": -41.4,
      "vlsr_m": -41.47,
      "e_vlsr_m": 0.1,
      "higal": "HIGALBM313.3146-0.4630",
      "agal": "G313.3146-0.4626",
      "corn": "G313.3150-0.4636",
      "corn_t": "HII Region",
      "rms": "G313.3153-00.4640B",
      "rms_t": "HII region",
      "wise": "G313.315-00.462",
      "wise_t": "C"
    }
  ]
}
