{
  "Sources": [
    {
      "source": "YB4011",
      "yb_number": 4011,
      "reference": "WolfChase25",
      "dist": 10.53,
      "e_dist": 0.54,
      "dist_c": 10.52,
      "dist_m": 10.51,
      "e_dist_m": 0.47,
      "stat_m": "SDIST_EXT",
      "pfar": 1.0,
      "dist_r1": 10.53,
      "e_dist_r1": 0.54,
      "pint_r1": 0.48,
      "arm_r1": "CtF",
      "dist_r2": 0.48,
      "e_dist_r2": 0.43,
      "pint_r2": 0.37,
      "arm_r2": null,
      "diam": 0.5,
      "e_diam": 0.03,
      "mass": 1002.2,
      "e_mass": 106.79,
      "blum": 65840.79,
      "e_blum": 6752.9,
      "lmrat": 65.7,
      "e_lmrat": 9.72,
      "temp": 26.5,
      "e_temp": 0.5,
      "lrat": 278.6,
      "e_lrat": 55.72,
      "tbol": 52.78,
      "e_tbol": 10.56,
      "sigma": 1.05,
      "e_sigma": 0.11,
      "glon": 312.30709,
      "glat": 0.66201,
      "mwpr": 0.00281,
      "e_glon": 0.00023,
      "e_glat": 0.00095,
      "e_mwpr": 0.00058,
      "hrate": 0.15,
      "f8": 0.7276,
      "e_f8": 0.0817,
      "f12": 0.6945,
      "e_f12": 0.0893,
      "f24": null,
      "e_f24": null,
      "f70": 216.9805,
      "e_f70": 0.0344,
      "n8": 5,
      "n12": 5,
      "n24": 0,
      "n70": 5,
      "f_sat": "0010",
      "f_multi": 0,
      "f_nosrc": "0000",
      "f_pconf": "0000",
      "f_cext": 0,
      "vlsr": -10.41,
      "e_vlsr": 0.15,
      "stype": "SP",
      "vlsr_g": null,
      "vlsr_s": null,
      "vlsr_f": null,
      "vlsr_t": -10.41,
      "vlsr_dht": null,
      "vlsr_dgt": null,
      "dgt": null,
      "vlsr_c": -10.5,
      "vlsr_m": -10.65,
      "e_vlsr_m": 0.2,
      "higal": "HIGALBM312.3077+0.6609",
      "agal": "G312.3060+0.6608",
      "corn": "G312.3070+0.6608",
      "corn_t": "UCHII Region",
      "rms": "G312.3070+00.6613",
      "rms_t": "HII region",
      "wise": "G312.307+00.661",
      "wise_t": "C"
    }
  ]
}
