{
  "Sources": [
    {
      "source": "YB4028",
      "yb_number": 4028,
      "reference": "WolfChase25",
      "dist": 4.15,
      "e_dist": 0.62,
      "dist_c": 6.79,
      "dist_m": 6.77,
      "e_dist_m": 0.81,
      "stat_m": "NO_KDA",
      "pfar": 0.5,
      "dist_r1": 4.15,
      "e_dist_r1": 0.62,
      "pint_r1": 0.59,
      "arm_r1": "CtN",
      "dist_r2": 6.69,
      "e_dist_r2": 0.98,
      "pint_r2": 0.41,
      "arm_r2": null,
      "diam": 0.29,
      "e_diam": 0.04,
      "mass": 221.11,
      "e_mass": 67.8,
      "blum": 7234.11,
      "e_blum": 2161.52,
      "lmrat": 32.72,
      "e_lmrat": 14.01,
      "temp": 22.2,
      "e_temp": 0.4,
      "lrat": 190.4,
      "e_lrat": 38.08,
      "tbol": 50.43,
      "e_tbol": 10.09,
      "sigma": 0.7,
      "e_sigma": 0.21,
      "glon": 312.59105,
      "glat": -0.50347,
      "mwpr": 0.00337,
      "e_glon": 0.00121,
      "e_glat": 0.00121,
      "e_mwpr": 0.00176,
      "hrate": 0.72,
      "f8": 2.5664,
      "e_f8": 0.2468,
      "f12": 0.7798,
      "e_f12": 0.2824,
      "f24": 7.1938,
      "e_f24": 0.1187,
      "f70": 119.4726,
      "e_f70": 0.1447,
      "n8": 5,
      "n12": 5,
      "n24": 5,
      "n70": 5,
      "f_sat": "0000",
      "f_multi": 1,
      "f_nosrc": "0000",
      "f_pconf": "0000",
      "f_cext": 0,
      "vlsr": -59.75,
      "e_vlsr": 0.13,
      "stype": "SP",
      "vlsr_g": null,
      "vlsr_s": -59.75,
      "vlsr_f": null,
      "vlsr_t": null,
      "vlsr_dht": null,
      "vlsr_dgt": null,
      "dgt": null,
      "vlsr_c": -59.2,
      "vlsr_m": -59.28,
      "e_vlsr_m": 0.06,
      "higal": "HIGALBM312.5898-0.5030",
      "agal": "G312.5882-0.5026",
      "corn": "G312.5900-0.5027",
      "corn_t": "UCHII Region",
      "rms": null,
      "rms_t": null,
      "wise": "G312.591-00.503",
      "wise_t": "Q"
    }
  ]
}
