{
  "Sources": [
    {
      "source": "YB417",
      "yb_number": 417,
      "reference": "WolfChase25",
      "dist": 13.31,
      "e_dist": 0.23,
      "dist_c": 13.31,
      "dist_m": 13.32,
      "e_dist_m": 0.55,
      "stat_m": "SDIST_EXT",
      "pfar": 1.0,
      "dist_r1": 13.31,
      "e_dist_r1": 0.23,
      "pint_r1": 0.58,
      "arm_r1": "Per",
      "dist_r2": 11.79,
      "e_dist_r2": 1.67,
      "pint_r2": 0.19,
      "arm_r2": "SgF",
      "diam": 1.35,
      "e_diam": 0.02,
      "mass": 857.1,
      "e_mass": 29.62,
      "blum": 58916.3,
      "e_blum": 2036.18,
      "lmrat": 68.74,
      "e_lmrat": 3.36,
      "temp": 27.0,
      "e_temp": 0.2,
      "lrat": 275.4,
      "e_lrat": 55.08,
      "tbol": 55.76,
      "e_tbol": 11.15,
      "sigma": 0.13,
      "e_sigma": 0.0,
      "glon": 13.63118,
      "glat": 0.19372,
      "mwpr": 0.00532,
      "e_glon": 0.00082,
      "e_glat": 0.00059,
      "e_mwpr": 0.00196,
      "hrate": 0.74,
      "f8": 1.4069,
      "e_f8": 0.9439,
      "f12": 0.7858,
      "e_f12": 0.6338,
      "f24": 5.3362,
      "e_f24": 0.3857,
      "f70": 96.0451,
      "e_f70": 0.4428,
      "n8": 5,
      "n12": 5,
      "n24": 5,
      "n70": 5,
      "f_sat": "0000",
      "f_multi": 0,
      "f_nosrc": "0000",
      "f_pconf": "0000",
      "f_cext": 0,
      "vlsr": 27.75,
      "e_vlsr": 0.13,
      "stype": "SP",
      "vlsr_g": null,
      "vlsr_s": 27.75,
      "vlsr_f": null,
      "vlsr_t": null,
      "vlsr_dht": null,
      "vlsr_dgt": null,
      "dgt": null,
      "vlsr_c": 27.9,
      "vlsr_m": 27.77,
      "e_vlsr_m": 0.21,
      "higal": "HIGALBM13.6311+0.1944",
      "agal": "G013.6329+0.1915",
      "corn": null,
      "corn_t": null,
      "rms": "G013.6313+00.1937",
      "rms_t": "HII region",
      "wise": "G013.631+00.192",
      "wise_t": "K"
    }
  ]
}
