{
  "Sources": [
    {
      "source": "YB4155",
      "yb_number": 4155,
      "reference": "WolfChase25",
      "dist": 12.83,
      "e_dist": 0.61,
      "dist_c": 12.84,
      "dist_m": 12.84,
      "e_dist_m": 0.53,
      "stat_m": "NO_AMB",
      "pfar": 0.0,
      "dist_r1": 12.83,
      "e_dist_r1": 0.61,
      "pint_r1": 1.0,
      "arm_r1": "?",
      "dist_r2": 0.0,
      "e_dist_r2": 0.0,
      "pint_r2": 0.0,
      "arm_r2": null,
      "diam": 0.57,
      "e_diam": 0.03,
      "mass": 697.31,
      "e_mass": 97.36,
      "blum": 22827.9,
      "e_blum": 2170.7,
      "lmrat": 32.74,
      "e_lmrat": 5.53,
      "temp": 23.1,
      "e_temp": 0.7,
      "lrat": 177.0,
      "e_lrat": 35.4,
      "tbol": 62.92,
      "e_tbol": 12.58,
      "sigma": 0.58,
      "e_sigma": 0.08,
      "glon": 315.32732,
      "glat": -0.22518,
      "mwpr": 0.0034,
      "e_glon": 0.00016,
      "e_glat": 0.00069,
      "e_mwpr": 0.00073,
      "hrate": 0.39,
      "f8": 0.3312,
      "e_f8": 0.6406,
      "f12": 0.0864,
      "e_f12": 1.2007,
      "f24": 1.8504,
      "e_f24": 1.1948,
      "f70": 18.2411,
      "e_f70": 1.0485,
      "n8": 5,
      "n12": 5,
      "n24": 5,
      "n70": 5,
      "f_sat": "0000",
      "f_multi": 0,
      "f_nosrc": "1000",
      "f_pconf": "1000",
      "f_cext": 0,
      "vlsr": 14.0,
      "e_vlsr": 0.13,
      "stype": "SP",
      "vlsr_g": null,
      "vlsr_s": 14.0,
      "vlsr_f": null,
      "vlsr_t": null,
      "vlsr_dht": null,
      "vlsr_dgt": null,
      "dgt": null,
      "vlsr_c": 13.8,
      "vlsr_m": 13.77,
      "e_vlsr_m": 0.09,
      "higal": "HIGALBM315.3272-0.2286",
      "agal": "G315.3280-0.2312",
      "corn": "G315.3270-0.2291",
      "corn_t": "UCHII Region",
      "rms": "G315.3273-00.2270",
      "rms_t": "HII/YSO",
      "wise": "G315.328-00.225",
      "wise_t": "Q"
    }
  ]
}
