{
  "Sources": [
    {
      "source": "YB4291",
      "yb_number": 4291,
      "reference": "WolfChase25",
      "dist": 13.39,
      "e_dist": 0.63,
      "dist_c": 2.63,
      "dist_m": 13.42,
      "e_dist_m": 0.54,
      "stat_m": "NO_AMB",
      "pfar": 0.0,
      "dist_r1": 13.39,
      "e_dist_r1": 0.63,
      "pint_r1": 1.0,
      "arm_r1": "?",
      "dist_r2": 0.0,
      "e_dist_r2": 0.0,
      "pint_r2": 0.0,
      "arm_r2": null,
      "diam": 0.81,
      "e_diam": 0.04,
      "mass": 689.5,
      "e_mass": 9666.11,
      "blum": 45965.49,
      "e_blum": 10159.81,
      "lmrat": 66.67,
      "e_lmrat": 934.71,
      "temp": 23.1,
      "e_temp": 1.2,
      "lrat": 355.1,
      "e_lrat": 71.02,
      "tbol": 51.23,
      "e_tbol": 10.25,
      "sigma": 0.27,
      "e_sigma": 3.79,
      "glon": 318.34973,
      "glat": -0.3971,
      "mwpr": 0.00579,
      "e_glon": 0.00034,
      "e_glat": 0.00057,
      "e_mwpr": 0.00154,
      "hrate": 0.84,
      "f8": 2.5075,
      "e_f8": 0.2065,
      "f12": 1.0972,
      "e_f12": 0.189,
      "f24": 6.4271,
      "e_f24": 0.0954,
      "f70": 134.2992,
      "e_f70": 0.1352,
      "n8": 5,
      "n12": 5,
      "n24": 5,
      "n70": 5,
      "f_sat": "0000",
      "f_multi": 0,
      "f_nosrc": "0000",
      "f_pconf": "0000",
      "f_cext": 0,
      "vlsr": 13.5,
      "e_vlsr": 0.13,
      "stype": "SP",
      "vlsr_g": null,
      "vlsr_s": 13.5,
      "vlsr_f": null,
      "vlsr_t": null,
      "vlsr_dht": null,
      "vlsr_dgt": null,
      "dgt": null,
      "vlsr_c": -41.9,
      "vlsr_m": 13.27,
      "e_vlsr_m": 0.07,
      "higal": "HIGALBM318.3507-0.3985",
      "agal": "CSC318.351-00.401",
      "corn": "G318.3510-0.3952",
      "corn_t": "HII Region",
      "rms": null,
      "rms_t": null,
      "wise": "G318.351-00.398",
      "wise_t": "C"
    }
  ]
}
