{
  "Sources": [
    {
      "source": "YB4246",
      "yb_number": 4246,
      "reference": "WolfChase25",
      "dist": 13.89,
      "e_dist": 0.68,
      "dist_c": 13.94,
      "dist_m": 13.94,
      "e_dist_m": 0.58,
      "stat_m": "NO_AMB",
      "pfar": 0.0,
      "dist_r1": 13.89,
      "e_dist_r1": 0.68,
      "pint_r1": 1.0,
      "arm_r1": "CrF?",
      "dist_r2": 0.0,
      "e_dist_r2": 0.0,
      "pint_r2": 0.0,
      "arm_r2": null,
      "diam": 1.08,
      "e_diam": 0.05,
      "mass": 1746.8,
      "e_mass": 173.66,
      "blum": 33740.45,
      "e_blum": 3303.6,
      "lmrat": 19.32,
      "e_lmrat": 2.7,
      "temp": 19.9,
      "e_temp": 0.2,
      "lrat": 139.3,
      "e_lrat": 27.86,
      "tbol": 56.59,
      "e_tbol": 11.32,
      "sigma": 0.4,
      "e_sigma": 0.04,
      "glon": 317.74742,
      "glat": 0.01145,
      "mwpr": 0.00484,
      "e_glon": 0.00036,
      "e_glat": 0.00064,
      "e_mwpr": 0.00141,
      "hrate": 0.8,
      "f8": 0.871,
      "e_f8": 0.4178,
      "f12": 0.5376,
      "e_f12": 0.1049,
      "f24": 3.9396,
      "e_f24": 0.0311,
      "f70": 77.3086,
      "e_f70": 0.0439,
      "n8": 5,
      "n12": 5,
      "n24": 5,
      "n70": 5,
      "f_sat": "0000",
      "f_multi": 0,
      "f_nosrc": "0000",
      "f_pconf": "0000",
      "f_cext": 0,
      "vlsr": 21.25,
      "e_vlsr": 0.13,
      "stype": "SP",
      "vlsr_g": null,
      "vlsr_s": 21.25,
      "vlsr_f": null,
      "vlsr_t": null,
      "vlsr_dht": null,
      "vlsr_dgt": null,
      "dgt": null,
      "vlsr_c": 21.6,
      "vlsr_m": 21.58,
      "e_vlsr_m": 0.31,
      "higal": "HIGALBM317.7474+0.0112",
      "agal": "G317.7479+0.0120",
      "corn": null,
      "corn_t": null,
      "rms": "G317.7477+00.0112A",
      "rms_t": "YSO",
      "wise": "G317.749+00.010",
      "wise_t": "C"
    }
  ]
}
