{
  "Sources": [
    {
      "source": "YB4233",
      "yb_number": 4233,
      "reference": "WolfChase25",
      "dist": 14.44,
      "e_dist": 0.53,
      "dist_c": 14.22,
      "dist_m": 14.2,
      "e_dist_m": 0.6,
      "stat_m": "NO_AMB",
      "pfar": 0.0,
      "dist_r1": 14.44,
      "e_dist_r1": 0.53,
      "pint_r1": 1.0,
      "arm_r1": "CrF",
      "dist_r2": 0.0,
      "e_dist_r2": 0.0,
      "pint_r2": 0.0,
      "arm_r2": null,
      "diam": 1.09,
      "e_diam": 0.04,
      "mass": 2053.6,
      "e_mass": 287.85,
      "blum": 46200.76,
      "e_blum": 3391.47,
      "lmrat": 22.5,
      "e_lmrat": 3.56,
      "temp": 20.8,
      "e_temp": 0.7,
      "lrat": 149.0,
      "e_lrat": 29.8,
      "tbol": 52.0,
      "e_tbol": 10.4,
      "sigma": 0.46,
      "e_sigma": 0.06,
      "glon": 317.46591,
      "glat": -0.52512,
      "mwpr": 0.00427,
      "e_glon": 0.00058,
      "e_glat": 0.00086,
      "e_mwpr": 0.00203,
      "hrate": 0.51,
      "f8": 1.3358,
      "e_f8": 0.3353,
      "f12": 0.7787,
      "e_f12": 0.2398,
      "f24": 5.9037,
      "e_f24": 0.0818,
      "f70": 87.8112,
      "e_f70": 0.1855,
      "n8": 5,
      "n12": 5,
      "n24": 5,
      "n70": 5,
      "f_sat": "0000",
      "f_multi": 0,
      "f_nosrc": "0000",
      "f_pconf": "0001",
      "f_cext": 0,
      "vlsr": 26.25,
      "e_vlsr": 0.15,
      "stype": "SP",
      "vlsr_g": null,
      "vlsr_s": null,
      "vlsr_f": null,
      "vlsr_t": 26.25,
      "vlsr_dht": null,
      "vlsr_dgt": null,
      "dgt": null,
      "vlsr_c": 25.7,
      "vlsr_m": 25.47,
      "e_vlsr_m": 0.19,
      "higal": "HIGALBM317.4668-0.5253",
      "agal": "G317.4661-0.5268",
      "corn": "G317.4660-0.5249",
      "corn_t": "HII Region",
      "rms": "G317.4660-00.5252",
      "rms_t": "HII region",
      "wise": "G317.466-00.524",
      "wise_t": "C"
    }
  ]
}
