{
  "Sources": [
    {
      "source": "YB4261",
      "yb_number": 4261,
      "reference": "WolfChase25",
      "dist": 13.65,
      "e_dist": 0.66,
      "dist_c": 13.64,
      "dist_m": 13.64,
      "e_dist_m": 0.56,
      "stat_m": "NO_AMB",
      "pfar": 0.0,
      "dist_r1": 13.65,
      "e_dist_r1": 0.66,
      "pint_r1": 1.0,
      "arm_r1": "?",
      "dist_r2": 0.0,
      "e_dist_r2": 0.0,
      "pint_r2": 0.0,
      "arm_r2": null,
      "diam": 1.15,
      "e_diam": 0.06,
      "mass": 5355.74,
      "e_mass": 538.16,
      "blum": 184155.83,
      "e_blum": 17808.48,
      "lmrat": 34.38,
      "e_lmrat": 4.8,
      "temp": 19.0,
      "e_temp": 0.2,
      "lrat": 278.4,
      "e_lrat": 55.68,
      "tbol": 54.46,
      "e_tbol": 10.89,
      "sigma": 1.08,
      "e_sigma": 0.11,
      "glon": 317.89034,
      "glat": -0.05672,
      "mwpr": 0.00466,
      "e_glon": 0.0008,
      "e_glat": 0.00123,
      "e_mwpr": 0.00244,
      "hrate": 0.62,
      "f8": 1.0798,
      "e_f8": 0.5162,
      "f12": 0.7186,
      "e_f12": 0.21,
      "f24": null,
      "e_f24": null,
      "f70": 208.7357,
      "e_f70": 0.0573,
      "n8": 5,
      "n12": 5,
      "n24": 0,
      "n70": 5,
      "f_sat": "0010",
      "f_multi": 1,
      "f_nosrc": "0000",
      "f_pconf": "0000",
      "f_cext": 0,
      "vlsr": 18.0,
      "e_vlsr": 0.13,
      "stype": "SP",
      "vlsr_g": null,
      "vlsr_s": 18.0,
      "vlsr_f": null,
      "vlsr_t": null,
      "vlsr_dht": null,
      "vlsr_dgt": null,
      "dgt": null,
      "vlsr_c": 17.5,
      "vlsr_m": 17.48,
      "e_vlsr_m": 0.21,
      "higal": "HIGALBM317.8892-0.0580",
      "agal": "G317.8884-0.0599",
      "corn": "G317.8890-0.0584",
      "corn_t": "UCHII Region",
      "rms": "G317.8908-00.0578",
      "rms_t": "HII region",
      "wise": "G317.891-00.059",
      "wise_t": "C"
    }
  ]
}
