{
  "Sources": [
    {
      "source": "YB4307",
      "yb_number": 4307,
      "reference": "WolfChase25",
      "dist": 11.24,
      "e_dist": 0.43,
      "dist_c": 11.09,
      "dist_m": 11.1,
      "e_dist_m": 0.44,
      "stat_m": "SDIST_EXT",
      "pfar": 1.0,
      "dist_r1": 11.24,
      "e_dist_r1": 0.43,
      "pint_r1": 0.95,
      "arm_r1": "CtF",
      "dist_r2": 1.45,
      "e_dist_r2": 0.19,
      "pint_r2": 0.05,
      "arm_r2": "CrN",
      "diam": 0.62,
      "e_diam": 0.02,
      "mass": 1402.69,
      "e_mass": 120.3,
      "blum": 72735.59,
      "e_blum": 5565.18,
      "lmrat": 51.85,
      "e_lmrat": 5.96,
      "temp": 25.6,
      "e_temp": 0.4,
      "lrat": 233.2,
      "e_lrat": 46.64,
      "tbol": 51.27,
      "e_tbol": 10.25,
      "sigma": 0.99,
      "e_sigma": 0.08,
      "glon": 318.72461,
      "glat": -0.22381,
      "mwpr": 0.00515,
      "e_glon": 0.00048,
      "e_glat": 0.00065,
      "e_mwpr": 0.0015,
      "hrate": 0.83,
      "f8": 3.0925,
      "e_f8": 0.1976,
      "f12": 1.3241,
      "e_f12": 0.0462,
      "f24": 10.7063,
      "e_f24": 0.0114,
      "f70": 196.8242,
      "e_f70": 0.0408,
      "n8": 5,
      "n12": 5,
      "n24": 5,
      "n70": 5,
      "f_sat": "0000",
      "f_multi": 0,
      "f_nosrc": "0000",
      "f_pconf": "0000",
      "f_cext": 0,
      "vlsr": -22.5,
      "e_vlsr": 0.13,
      "stype": "SP",
      "vlsr_g": null,
      "vlsr_s": -22.5,
      "vlsr_f": null,
      "vlsr_t": null,
      "vlsr_dht": null,
      "vlsr_dgt": null,
      "dgt": null,
      "vlsr_c": -22.4,
      "vlsr_m": -22.3,
      "e_vlsr_m": 0.27,
      "higal": "HIGALBM318.7250-0.2225",
      "agal": "G318.7248-0.2237",
      "corn": "G318.7250-0.2228",
      "corn_t": "HII Region",
      "rms": "G318.7251-00.2241",
      "rms_t": "HII region",
      "wise": "G318.726-00.222",
      "wise_t": "C"
    }
  ]
}
