{
  "Sources": [
    {
      "source": "YB4381",
      "yb_number": 4381,
      "reference": "WolfChase25",
      "dist": 12.24,
      "e_dist": 0.39,
      "dist_c": 12.54,
      "dist_m": 12.41,
      "e_dist_m": 0.47,
      "stat_m": "SDIST_EXT",
      "pfar": 1.0,
      "dist_r1": 12.24,
      "e_dist_r1": 0.39,
      "pint_r1": 1.0,
      "arm_r1": "CtF",
      "dist_r2": 0.0,
      "e_dist_r2": 0.0,
      "pint_r2": 0.0,
      "arm_r2": null,
      "diam": 0.69,
      "e_diam": 0.02,
      "mass": 3403.52,
      "e_mass": 389.04,
      "blum": 102531.17,
      "e_blum": 6533.85,
      "lmrat": 30.13,
      "e_lmrat": 3.94,
      "temp": 24.0,
      "e_temp": 0.5,
      "lrat": 155.9,
      "e_lrat": 31.18,
      "tbol": 50.65,
      "e_tbol": 10.13,
      "sigma": 1.87,
      "e_sigma": 0.21,
      "glon": 320.42521,
      "glat": 0.10294,
      "mwpr": 0.00354,
      "e_glon": 0.00097,
      "e_glat": 0.00067,
      "e_mwpr": 0.00207,
      "hrate": 0.36,
      "f8": 1.2944,
      "e_f8": 0.3369,
      "f12": 0.5471,
      "e_f12": 0.4532,
      "f24": 8.3756,
      "e_f24": 0.3396,
      "f70": 167.675,
      "e_f70": 0.0769,
      "n8": 5,
      "n12": 5,
      "n24": 5,
      "n70": 5,
      "f_sat": "0000",
      "f_multi": 1,
      "f_nosrc": "0000",
      "f_pconf": "0000",
      "f_cext": 0,
      "vlsr": -5.75,
      "e_vlsr": 0.13,
      "stype": "SP",
      "vlsr_g": null,
      "vlsr_s": -5.75,
      "vlsr_f": null,
      "vlsr_t": null,
      "vlsr_dht": null,
      "vlsr_dgt": null,
      "dgt": null,
      "vlsr_c": -4.7,
      "vlsr_m": -6.62,
      "e_vlsr_m": 0.14,
      "higal": "HIGALBM320.4277+0.1032",
      "agal": "G320.4278+0.1018",
      "corn": "G320.4270+0.1030",
      "corn_t": "UCHII Region",
      "rms": "G320.4237+00.1033",
      "rms_t": "HII region",
      "wise": "G320.423+00.101",
      "wise_t": "C"
    }
  ]
}
