{
  "Sources": [
    {
      "source": "YB4462",
      "yb_number": 4462,
      "reference": "WolfChase25",
      "dist": 12.22,
      "e_dist": 0.49,
      "dist_c": 12.29,
      "dist_m": 12.29,
      "e_dist_m": 0.45,
      "stat_m": "SDIST_EXT",
      "pfar": 1.0,
      "dist_r1": 12.22,
      "e_dist_r1": 0.49,
      "pint_r1": 0.82,
      "arm_r1": null,
      "dist_r2": 1.37,
      "e_dist_r2": 0.19,
      "pint_r2": 0.17,
      "arm_r2": "CrN",
      "diam": 0.74,
      "e_diam": 0.03,
      "mass": 1818.51,
      "e_mass": 233.54,
      "blum": 40305.71,
      "e_blum": 3232.37,
      "lmrat": 22.16,
      "e_lmrat": 3.36,
      "temp": 23.5,
      "e_temp": 0.7,
      "lrat": 116.9,
      "e_lrat": 23.38,
      "tbol": 46.38,
      "e_tbol": 9.28,
      "sigma": 0.89,
      "e_sigma": 0.11,
      "glon": 322.70741,
      "glat": -0.32896,
      "mwpr": 0.00532,
      "e_glon": 0.00071,
      "e_glat": 0.00053,
      "e_mwpr": 0.00266,
      "hrate": 0.62,
      "f8": 2.7698,
      "e_f8": 0.55,
      "f12": 2.2475,
      "e_f12": 0.2845,
      "f24": 12.4717,
      "e_f24": 0.1122,
      "f70": 143.3708,
      "e_f70": 0.1398,
      "n8": 5,
      "n12": 5,
      "n24": 5,
      "n70": 5,
      "f_sat": "0000",
      "f_multi": 1,
      "f_nosrc": "0000",
      "f_pconf": "0000",
      "f_cext": 0,
      "vlsr": -16.0,
      "e_vlsr": 0.13,
      "stype": "SP",
      "vlsr_g": null,
      "vlsr_s": -16.0,
      "vlsr_f": null,
      "vlsr_t": null,
      "vlsr_dht": null,
      "vlsr_dgt": null,
      "dgt": null,
      "vlsr_c": -14.7,
      "vlsr_m": -14.66,
      "e_vlsr_m": 0.27,
      "higal": "HIGALBM322.7053-0.3314",
      "agal": "G322.7046-0.3309",
      "corn": "G322.7070-0.3277",
      "corn_t": "HII Region",
      "rms": "G322.7056-00.3283",
      "rms_t": "HII region",
      "wise": "G322.706-00.330",
      "wise_t": "C"
    }
  ]
}
