{
  "Sources": [
    {
      "source": "YB4412",
      "yb_number": 4412,
      "reference": "WolfChase25",
      "dist": 9.02,
      "e_dist": 0.99,
      "dist_c": 9.53,
      "dist_m": 9.53,
      "e_dist_m": 0.43,
      "stat_m": "SDIST_EXT",
      "pfar": 1.0,
      "dist_r1": 9.02,
      "e_dist_r1": 0.99,
      "pint_r1": 0.71,
      "arm_r1": null,
      "dist_r2": 3.37,
      "e_dist_r2": 0.31,
      "pint_r2": 0.29,
      "arm_r2": "CtN",
      "diam": 0.6,
      "e_diam": 0.07,
      "mass": 2579.82,
      "e_mass": 577.03,
      "blum": 31180.29,
      "e_blum": 6844.45,
      "lmrat": 12.09,
      "e_lmrat": 3.79,
      "temp": 20.3,
      "e_temp": 0.2,
      "lrat": 86.5,
      "e_lrat": 17.3,
      "tbol": 56.84,
      "e_tbol": 11.37,
      "sigma": 1.95,
      "e_sigma": 0.44,
      "glon": 321.38093,
      "glat": -0.3046,
      "mwpr": 0.00378,
      "e_glon": 0.00069,
      "e_glat": 0.0009,
      "e_mwpr": 0.00107,
      "hrate": 0.26,
      "f8": 2.7157,
      "e_f8": 0.1064,
      "f12": 1.3927,
      "e_f12": 0.2153,
      "f24": null,
      "e_f24": null,
      "f70": 126.5308,
      "e_f70": 0.1472,
      "n8": 5,
      "n12": 5,
      "n24": 0,
      "n70": 5,
      "f_sat": "0010",
      "f_multi": 1,
      "f_nosrc": "0000",
      "f_pconf": "0000",
      "f_cext": 0,
      "vlsr": -58.25,
      "e_vlsr": 0.13,
      "stype": "SP",
      "vlsr_g": null,
      "vlsr_s": -58.25,
      "vlsr_f": null,
      "vlsr_t": null,
      "vlsr_dht": null,
      "vlsr_dgt": null,
      "dgt": null,
      "vlsr_c": -57.7,
      "vlsr_m": -57.7,
      "e_vlsr_m": 0.09,
      "higal": "HIGALBM321.3810-0.3012",
      "agal": "G321.3792-0.3012",
      "corn": "G321.3810-0.3013",
      "corn_t": null,
      "rms": "G321.3803-00.3016B",
      "rms_t": "YSO",
      "wise": "G321.381-00.302",
      "wise_t": "C"
    }
  ]
}
