{
  "Sources": [
    {
      "source": "YB458",
      "yb_number": 458,
      "reference": "WolfChase25",
      "dist": 13.35,
      "e_dist": 0.3,
      "dist_c": 14.04,
      "dist_m": 14.04,
      "e_dist_m": 0.66,
      "stat_m": "SDIST_EXT",
      "pfar": 1.0,
      "dist_r1": 13.35,
      "e_dist_r1": 0.3,
      "pint_r1": 0.56,
      "arm_r1": "Per",
      "dist_r2": 12.26,
      "e_dist_r2": 0.29,
      "pint_r2": 0.44,
      "arm_r2": "SgF",
      "diam": 0.83,
      "e_diam": 0.02,
      "mass": 1293.35,
      "e_mass": 58.16,
      "blum": 30831.46,
      "e_blum": 1385.68,
      "lmrat": 23.84,
      "e_lmrat": 1.52,
      "temp": 21.6,
      "e_temp": 3.0,
      "lrat": 146.5,
      "e_lrat": 29.3,
      "tbol": 51.23,
      "e_tbol": 10.25,
      "sigma": 0.5,
      "e_sigma": 0.02,
      "glon": 14.39023,
      "glat": -0.02127,
      "mwpr": 0.00428,
      "e_glon": 0.00027,
      "e_glat": 0.00062,
      "e_mwpr": 0.00086,
      "hrate": 0.26,
      "f8": 0.5014,
      "e_f8": 0.6485,
      "f12": 0.327,
      "e_f12": 0.3813,
      "f24": 3.0256,
      "e_f24": 0.2421,
      "f70": 48.7683,
      "e_f70": 0.2452,
      "n8": 5,
      "n12": 5,
      "n24": 5,
      "n70": 5,
      "f_sat": "0000",
      "f_multi": 0,
      "f_nosrc": "0000",
      "f_pconf": "0000",
      "f_cext": 0,
      "vlsr": 23.0,
      "e_vlsr": 0.13,
      "stype": "LSNR",
      "vlsr_g": null,
      "vlsr_s": 23.0,
      "vlsr_f": null,
      "vlsr_t": null,
      "vlsr_dht": null,
      "vlsr_dgt": 23.0,
      "dgt": "THOR_1665",
      "vlsr_c": 19.1,
      "vlsr_m": 19.14,
      "e_vlsr_m": 0.21,
      "higal": "HIGALBM14.3897-0.0200",
      "agal": "G014.3892-0.0197",
      "corn": null,
      "corn_t": null,
      "rms": "G014.3909-00.0216",
      "rms_t": "HII region",
      "wise": "G014.391-00.023",
      "wise_t": "K"
    }
  ]
}
