{
  "Sources": [
    {
      "source": "YB4507",
      "yb_number": 4507,
      "reference": "WolfChase25",
      "dist": 5.58,
      "e_dist": 0.85,
      "dist_c": 8.45,
      "dist_m": 3.13,
      "e_dist_m": 0.38,
      "stat_m": "HISA_DIST",
      "pfar": 0.0,
      "dist_r1": 5.58,
      "e_dist_r1": 0.85,
      "pint_r1": 0.97,
      "arm_r1": "N4N",
      "dist_r2": 6.55,
      "e_dist_r2": 0.04,
      "pint_r2": 0.03,
      "arm_r2": "N4N",
      "diam": 0.34,
      "e_diam": 0.05,
      "mass": 302.89,
      "e_mass": 96.55,
      "blum": 6380.95,
      "e_blum": 1944.02,
      "lmrat": 21.07,
      "e_lmrat": 9.29,
      "temp": 19.8,
      "e_temp": 0.7,
      "lrat": 154.3,
      "e_lrat": 30.86,
      "tbol": 60.52,
      "e_tbol": 12.1,
      "sigma": 0.68,
      "e_sigma": 0.22,
      "glon": 324.15973,
      "glat": 0.26281,
      "mwpr": 0.00362,
      "e_glon": 0.00035,
      "e_glat": 0.00042,
      "e_mwpr": 0.00049,
      "hrate": 0.4,
      "f8": 4.4848,
      "e_f8": 0.0749,
      "f12": 1.3081,
      "e_f12": 0.2147,
      "f24": 7.5177,
      "e_f24": 0.0428,
      "f70": 65.9649,
      "e_f70": 0.0483,
      "n8": 5,
      "n12": 5,
      "n24": 5,
      "n70": 5,
      "f_sat": "0000",
      "f_multi": 1,
      "f_nosrc": "0000",
      "f_pconf": "0000",
      "f_cext": 0,
      "vlsr": -85.25,
      "e_vlsr": 0.13,
      "stype": "SP",
      "vlsr_g": null,
      "vlsr_s": -85.25,
      "vlsr_f": null,
      "vlsr_t": null,
      "vlsr_dht": null,
      "vlsr_dgt": null,
      "dgt": null,
      "vlsr_c": -84.8,
      "vlsr_m": -51.9,
      "e_vlsr_m": 0.16,
      "higal": "HIGALBM324.1597+0.2618",
      "agal": "G324.1622+0.2662",
      "corn": null,
      "corn_t": null,
      "rms": "G324.1594+00.2622",
      "rms_t": "YSO",
      "wise": "G324.160+00.262",
      "wise_t": "Q"
    }
  ]
}
