{
  "Sources": [
    {
      "source": "YB464",
      "yb_number": 464,
      "reference": "WolfChase25",
      "dist": 3.04,
      "e_dist": 0.37,
      "dist_c": 2.58,
      "dist_m": 2.58,
      "e_dist_m": 0.57,
      "stat_m": "SDIST_EXT",
      "pfar": 0.0,
      "dist_r1": 3.04,
      "e_dist_r1": 0.37,
      "pint_r1": 0.35,
      "arm_r1": "ScN",
      "dist_r2": 3.96,
      "e_dist_r2": 0.26,
      "pint_r2": 0.31,
      "arm_r2": "N1N",
      "diam": 0.2,
      "e_diam": 0.02,
      "mass": 82.19,
      "e_mass": 20.24,
      "blum": 4613.72,
      "e_blum": 1123.08,
      "lmrat": 56.13,
      "e_lmrat": 19.44,
      "temp": 19.4,
      "e_temp": 1.3,
      "lrat": 429.2,
      "e_lrat": 85.84,
      "tbol": 51.56,
      "e_tbol": 10.31,
      "sigma": 0.58,
      "e_sigma": 0.14,
      "glon": 14.49014,
      "glat": 0.02153,
      "mwpr": 0.00428,
      "e_glon": 0.00075,
      "e_glat": 0.00046,
      "e_mwpr": 0.00145,
      "hrate": 0.36,
      "f8": 1.8122,
      "e_f8": 0.5305,
      "f12": 0.6927,
      "e_f12": 0.6033,
      "f24": 5.9037,
      "e_f24": 0.2987,
      "f70": 125.0603,
      "e_f70": 0.4622,
      "n8": 5,
      "n12": 5,
      "n24": 5,
      "n70": 5,
      "f_sat": "0000",
      "f_multi": 1,
      "f_nosrc": "0000",
      "f_pconf": "0000",
      "f_cext": 0,
      "vlsr": 24.5,
      "e_vlsr": 0.13,
      "stype": "MP:1",
      "vlsr_g": null,
      "vlsr_s": 24.5,
      "vlsr_f": null,
      "vlsr_t": null,
      "vlsr_dht": null,
      "vlsr_dgt": null,
      "dgt": null,
      "vlsr_c": 25.0,
      "vlsr_m": 24.97,
      "e_vlsr_m": 0.16,
      "higal": "HIGALBM14.4879+0.0222",
      "agal": "G014.4884+0.0184",
      "corn": "G014.4894+00.0194",
      "corn_t": "HII Region",
      "rms": "G014.4886+00.0219A",
      "rms_t": "HII region",
      "wise": "G014.489+00.020",
      "wise_t": "K"
    }
  ]
}
