{
  "Sources": [
    {
      "source": "YB4614",
      "yb_number": 4614,
      "reference": "WolfChase25",
      "dist": 4.89,
      "e_dist": 1.13,
      "dist_c": 3.74,
      "dist_m": 3.74,
      "e_dist_m": 0.35,
      "stat_m": "KDIST_IRDC",
      "pfar": 0.0,
      "dist_r1": 4.89,
      "e_dist_r1": 1.13,
      "pint_r1": 0.97,
      "arm_r1": "N4N",
      "dist_r2": 6.76,
      "e_dist_r2": 0.07,
      "pint_r2": 0.03,
      "arm_r2": "N4F",
      "diam": 0.21,
      "e_diam": 0.05,
      "mass": 134.37,
      "e_mass": 88.03,
      "blum": 5960.42,
      "e_blum": 2754.71,
      "lmrat": 44.36,
      "e_lmrat": 35.57,
      "temp": 24.8,
      "e_temp": 0.5,
      "lrat": 210.2,
      "e_lrat": 42.04,
      "tbol": 49.33,
      "e_tbol": 9.87,
      "sigma": 0.82,
      "e_sigma": 0.54,
      "glon": 327.35614,
      "glat": -0.10082,
      "mwpr": 0.00366,
      "e_glon": 0.00055,
      "e_glat": 0.00061,
      "e_mwpr": 0.0011,
      "hrate": 0.71,
      "f8": 1.3712,
      "e_f8": 0.2731,
      "f12": 0.5758,
      "e_f12": 0.2597,
      "f24": 3.9521,
      "e_f24": 0.1018,
      "f70": 91.185,
      "e_f70": 0.112,
      "n8": 5,
      "n12": 5,
      "n24": 5,
      "n70": 5,
      "f_sat": "0000",
      "f_multi": 1,
      "f_nosrc": "0000",
      "f_pconf": "0000",
      "f_cext": 0,
      "vlsr": -77.0,
      "e_vlsr": 0.13,
      "stype": "SP",
      "vlsr_g": null,
      "vlsr_s": -77.0,
      "vlsr_f": null,
      "vlsr_t": null,
      "vlsr_dht": null,
      "vlsr_dgt": null,
      "dgt": null,
      "vlsr_c": -63.8,
      "vlsr_m": -63.78,
      "e_vlsr_m": 0.09,
      "higal": "HIGALBM327.3568-0.0994",
      "agal": "G327.3569-0.0995",
      "corn": "G327.3570-0.1004",
      "corn_t": "HII Region",
      "rms": "G327.3556-00.1011",
      "rms_t": "HII region",
      "wise": "G327.358-00.103",
      "wise_t": "Q"
    }
  ]
}
