{
  "Sources": [
    {
      "source": "YB4642",
      "yb_number": 4642,
      "reference": "WolfChase25",
      "dist": 10.83,
      "e_dist": 0.69,
      "dist_c": 11.03,
      "dist_m": 11.04,
      "e_dist_m": 0.36,
      "stat_m": "SDIST_EXT",
      "pfar": 1.0,
      "dist_r1": 10.83,
      "e_dist_r1": 0.69,
      "pint_r1": 0.66,
      "arm_r1": null,
      "dist_r2": 3.06,
      "e_dist_r2": 0.27,
      "pint_r2": 0.33,
      "arm_r2": "CtN",
      "diam": 0.75,
      "e_diam": 0.05,
      "mass": 611.22,
      "e_mass": 92.52,
      "blum": 34252.42,
      "e_blum": 4364.57,
      "lmrat": 56.04,
      "e_lmrat": 11.09,
      "temp": 24.4,
      "e_temp": 0.7,
      "lrat": 271.7,
      "e_lrat": 54.34,
      "tbol": 53.65,
      "e_tbol": 10.73,
      "sigma": 0.29,
      "e_sigma": 0.04,
      "glon": 327.84837,
      "glat": 0.01728,
      "mwpr": 0.00382,
      "e_glon": 0.0003,
      "e_glat": 0.00037,
      "e_mwpr": 0.00093,
      "hrate": 0.27,
      "f8": 2.1104,
      "e_f8": 0.0822,
      "f12": 0.9856,
      "e_f12": 0.2163,
      "f24": 6.6413,
      "e_f24": 0.061,
      "f70": 98.5095,
      "e_f70": 0.1202,
      "n8": 5,
      "n12": 5,
      "n24": 5,
      "n70": 5,
      "f_sat": "0000",
      "f_multi": 0,
      "f_nosrc": "0000",
      "f_pconf": "0000",
      "f_cext": 0,
      "vlsr": -50.75,
      "e_vlsr": 0.13,
      "stype": "SP",
      "vlsr_g": null,
      "vlsr_s": -50.75,
      "vlsr_f": null,
      "vlsr_t": null,
      "vlsr_dht": null,
      "vlsr_dgt": null,
      "dgt": null,
      "vlsr_c": -50.9,
      "vlsr_m": -50.78,
      "e_vlsr_m": 0.06,
      "higal": "HIGALBM327.8483+0.0183",
      "agal": "G327.8474+0.0162",
      "corn": "G327.8480+0.0179",
      "corn_t": "UCHII Region",
      "rms": "G327.8483+00.0175",
      "rms_t": "HII region",
      "wise": "G327.848+00.016",
      "wise_t": "C"
    }
  ]
}
