{
  "Sources": [
    {
      "source": "YB4723",
      "yb_number": 4723,
      "reference": "WolfChase25",
      "dist": 10.74,
      "e_dist": 2.83,
      "dist_c": 12.08,
      "dist_m": 12.12,
      "e_dist_m": 0.41,
      "stat_m": "KDIST_IRDC",
      "pfar": 1.0,
      "dist_r1": 10.74,
      "e_dist_r1": 2.83,
      "pint_r1": 0.5,
      "arm_r1": null,
      "dist_r2": 12.09,
      "e_dist_r2": 0.42,
      "pint_r2": 0.42,
      "arm_r2": null,
      "diam": 1.1,
      "e_diam": 0.29,
      "mass": 1926.49,
      "e_mass": 1029.94,
      "blum": 88227.01,
      "e_blum": 46495.8,
      "lmrat": 45.8,
      "e_lmrat": 34.38,
      "temp": 24.9,
      "e_temp": 0.8,
      "lrat": 213.9,
      "e_lrat": 42.78,
      "tbol": 53.93,
      "e_tbol": 10.79,
      "sigma": 0.42,
      "e_sigma": 0.22,
      "glon": 328.82353,
      "glat": -0.07875,
      "mwpr": 0.00466,
      "e_glon": 0.00119,
      "e_glat": 0.00124,
      "e_mwpr": 0.00159,
      "hrate": 0.6,
      "f8": 5.0166,
      "e_f8": 0.0983,
      "f12": 2.2009,
      "e_f12": 0.1852,
      "f24": null,
      "e_f24": null,
      "f70": 279.8209,
      "e_f70": 0.0966,
      "n8": 5,
      "n12": 5,
      "n24": 0,
      "n70": 5,
      "f_sat": "0010",
      "f_multi": 1,
      "f_nosrc": "0000",
      "f_pconf": "0000",
      "f_cext": 0,
      "vlsr": -33.0,
      "e_vlsr": 0.13,
      "stype": "SP",
      "vlsr_g": null,
      "vlsr_s": -33.0,
      "vlsr_f": null,
      "vlsr_t": null,
      "vlsr_dht": null,
      "vlsr_dgt": null,
      "dgt": null,
      "vlsr_c": -33.7,
      "vlsr_m": -32.97,
      "e_vlsr_m": 0.14,
      "higal": "HIGALBM328.8245-0.0795",
      "agal": "G328.8247-0.0799",
      "corn": "G328.8240-0.0806",
      "corn_t": "HII Region",
      "rms": "G328.8230-00.0794A",
      "rms_t": "HII region",
      "wise": "G328.825-00.081",
      "wise_t": "Q"
    }
  ]
}
