{
  "Sources": [
    {
      "source": "YB4763",
      "yb_number": 4763,
      "reference": "WolfChase25",
      "dist": 4.67,
      "e_dist": 1.34,
      "dist_c": 4.68,
      "dist_m": 4.68,
      "e_dist_m": 0.35,
      "stat_m": "SDIST_EXT",
      "pfar": 0.0,
      "dist_r1": 4.67,
      "e_dist_r1": 1.34,
      "pint_r1": 0.52,
      "arm_r1": "?",
      "dist_r2": 9.41,
      "e_dist_r2": 1.31,
      "pint_r2": 0.48,
      "arm_r2": "N4F?",
      "diam": 0.32,
      "e_diam": 0.09,
      "mass": 430.26,
      "e_mass": 248.67,
      "blum": 17265.08,
      "e_blum": 9908.01,
      "lmrat": 40.13,
      "e_lmrat": 32.68,
      "temp": 23.3,
      "e_temp": 0.5,
      "lrat": 216.0,
      "e_lrat": 43.2,
      "tbol": 68.13,
      "e_tbol": 13.63,
      "sigma": 1.16,
      "e_sigma": 0.67,
      "glon": 329.47682,
      "glat": 0.84172,
      "mwpr": 0.00501,
      "e_glon": 0.0008,
      "e_glat": 0.0006,
      "e_mwpr": 0.00164,
      "hrate": 0.88,
      "f8": 11.5005,
      "e_f8": 0.1735,
      "f12": 2.7734,
      "e_f12": 0.354,
      "f24": null,
      "e_f24": null,
      "f70": 334.0007,
      "e_f70": 0.1961,
      "n8": 5,
      "n12": 5,
      "n24": 0,
      "n70": 5,
      "f_sat": "0010",
      "f_multi": 1,
      "f_nosrc": "0000",
      "f_pconf": "0000",
      "f_cext": 0,
      "vlsr": -82.36,
      "e_vlsr": 0.15,
      "stype": "SP",
      "vlsr_g": null,
      "vlsr_s": null,
      "vlsr_f": null,
      "vlsr_t": -82.36,
      "vlsr_dht": null,
      "vlsr_dgt": null,
      "dgt": null,
      "vlsr_c": -82.9,
      "vlsr_m": -82.94,
      "e_vlsr_m": 0.14,
      "higal": "HIGALBM329.4762+0.8409",
      "agal": "G329.4762+0.8409",
      "corn": "G329.4760+0.8404",
      "corn_t": "HII Region",
      "rms": "G329.4761+00.8414",
      "rms_t": "HII region",
      "wise": "G329.474+00.839",
      "wise_t": "C"
    }
  ]
}
