{
  "Sources": [
    {
      "source": "YB4745",
      "yb_number": 4745,
      "reference": "WolfChase25",
      "dist": 5.54,
      "e_dist": 0.91,
      "dist_c": 4.4,
      "dist_m": 4.4,
      "e_dist_m": 0.35,
      "stat_m": "SDIST_EXT",
      "pfar": 0.0,
      "dist_r1": 5.54,
      "e_dist_r1": 0.91,
      "pint_r1": 0.68,
      "arm_r1": "N4N",
      "dist_r2": 6.85,
      "e_dist_r2": 0.13,
      "pint_r2": 0.23,
      "arm_r2": "N4F",
      "diam": 0.21,
      "e_diam": 0.04,
      "mass": 201.49,
      "e_mass": 66.69,
      "blum": 17658.61,
      "e_blum": 5801.2,
      "lmrat": 87.64,
      "e_lmrat": 40.87,
      "temp": 29.6,
      "e_temp": 0.7,
      "lrat": 308.1,
      "e_lrat": 61.62,
      "tbol": 60.6,
      "e_tbol": 12.12,
      "sigma": 1.17,
      "e_sigma": 0.39,
      "glon": 329.27124,
      "glat": 0.11453,
      "mwpr": 0.00392,
      "e_glon": 0.00076,
      "e_glat": 0.00042,
      "e_mwpr": 0.00297,
      "hrate": 0.08,
      "f8": 4.0569,
      "e_f8": 0.1208,
      "f12": 0.7193,
      "e_f12": 0.3437,
      "f24": null,
      "e_f24": null,
      "f70": 182.6132,
      "e_f70": 0.0812,
      "n8": 5,
      "n12": 5,
      "n24": 0,
      "n70": 5,
      "f_sat": "0010",
      "f_multi": 1,
      "f_nosrc": "0000",
      "f_pconf": "0000",
      "f_cext": 0,
      "vlsr": -77.5,
      "e_vlsr": 0.13,
      "stype": "SP",
      "vlsr_g": null,
      "vlsr_s": -77.5,
      "vlsr_f": null,
      "vlsr_t": null,
      "vlsr_dht": null,
      "vlsr_dgt": null,
      "dgt": null,
      "vlsr_c": -77.2,
      "vlsr_m": -77.25,
      "e_vlsr_m": 0.13,
      "higal": "HIGALBM329.2723+0.1151",
      "agal": "G329.2724+0.1157",
      "corn": "G329.2720+0.1148",
      "corn_t": "UCHII Region",
      "rms": "G329.2713+00.1147",
      "rms_t": "YSO",
      "wise": "G329.266+00.111",
      "wise_t": "C"
    }
  ]
}
