{
  "Sources": [
    {
      "source": "YB4849",
      "yb_number": 4849,
      "reference": "WolfChase25",
      "dist": 5.03,
      "e_dist": 0.47,
      "dist_c": 4.34,
      "dist_m": 4.34,
      "e_dist_m": 0.32,
      "stat_m": "SDIST_EXT",
      "pfar": 0.0,
      "dist_r1": 5.03,
      "e_dist_r1": 0.47,
      "pint_r1": 0.92,
      "arm_r1": "N4N",
      "dist_r2": 6.57,
      "e_dist_r2": 0.46,
      "pint_r2": 0.08,
      "arm_r2": "N4F",
      "diam": 0.43,
      "e_diam": 0.04,
      "mass": 403.78,
      "e_mass": 275.3,
      "blum": 8398.26,
      "e_blum": 1569.46,
      "lmrat": 20.8,
      "e_lmrat": 14.7,
      "temp": 19.6,
      "e_temp": 0.5,
      "lrat": 155.9,
      "e_lrat": 31.18,
      "tbol": 55.92,
      "e_tbol": 11.18,
      "sigma": 0.6,
      "e_sigma": 0.41,
      "glon": 331.14562,
      "glat": 0.13498,
      "mwpr": 0.00367,
      "e_glon": 0.0006,
      "e_glat": 0.00071,
      "e_mwpr": 0.00136,
      "hrate": 0.37,
      "f8": 1.4692,
      "e_f8": 0.2301,
      "f12": 0.6856,
      "e_f12": 0.0877,
      "f24": 5.3509,
      "e_f24": 0.1136,
      "f70": 78.4477,
      "e_f70": 0.0201,
      "n8": 5,
      "n12": 5,
      "n24": 5,
      "n70": 5,
      "f_sat": "0000",
      "f_multi": 0,
      "f_nosrc": "0000",
      "f_pconf": "0000",
      "f_cext": 0,
      "vlsr": -75.75,
      "e_vlsr": 0.13,
      "stype": "SP",
      "vlsr_g": null,
      "vlsr_s": -75.75,
      "vlsr_f": null,
      "vlsr_t": null,
      "vlsr_dht": null,
      "vlsr_dgt": null,
      "dgt": null,
      "vlsr_c": -75.9,
      "vlsr_m": -75.94,
      "e_vlsr_m": 0.04,
      "higal": "HIGALBM331.1454+0.1349",
      "agal": "G331.1468+0.1360",
      "corn": "G331.1450+0.1341",
      "corn_t": "HII Region",
      "rms": "G331.1465+00.1343",
      "rms_t": "HII region",
      "wise": "G331.145+00.133",
      "wise_t": "C"
    }
  ]
}
