{
  "Sources": [
    {
      "source": "YB4808",
      "yb_number": 4808,
      "reference": "WolfChase25",
      "dist": 0.24,
      "e_dist": 0.41,
      "dist_c": 11.67,
      "dist_m": 11.67,
      "e_dist_m": 0.37,
      "stat_m": "KDIST_IRDC",
      "pfar": 1.0,
      "dist_r1": 0.24,
      "e_dist_r1": 0.41,
      "pint_r1": 0.52,
      "arm_r1": null,
      "dist_r2": 1.22,
      "e_dist_r2": 0.22,
      "pint_r2": 0.32,
      "arm_r2": "CrN",
      "diam": 0.03,
      "e_diam": 0.05,
      "mass": 0.65,
      "e_mass": 2.22,
      "blum": 13.48,
      "e_blum": 46.12,
      "lmrat": 20.8,
      "e_lmrat": 100.65,
      "temp": 18.4,
      "e_temp": 0.2,
      "lrat": 175.5,
      "e_lrat": 35.1,
      "tbol": 53.44,
      "e_tbol": 10.69,
      "sigma": 0.23,
      "e_sigma": 0.79,
      "glon": 330.65989,
      "glat": 0.57804,
      "mwpr": 0.00558,
      "e_glon": 0.00077,
      "e_glat": 0.00124,
      "e_mwpr": 0.00311,
      "hrate": 0.56,
      "f8": 2.4949,
      "e_f8": 0.1124,
      "f12": 0.911,
      "e_f12": 0.2496,
      "f24": 4.054,
      "e_f24": 0.0823,
      "f70": 64.5006,
      "e_f70": 0.2331,
      "n8": 5,
      "n12": 5,
      "n24": 5,
      "n70": 5,
      "f_sat": "0000",
      "f_multi": 1,
      "f_nosrc": "0000",
      "f_pconf": "0000",
      "f_cext": 0,
      "vlsr": -75.48,
      "e_vlsr": 0.15,
      "stype": "LSNR",
      "vlsr_g": null,
      "vlsr_s": null,
      "vlsr_f": null,
      "vlsr_t": -75.48,
      "vlsr_dht": null,
      "vlsr_dgt": null,
      "dgt": null,
      "vlsr_c": -45.5,
      "vlsr_m": -45.5,
      "e_vlsr_m": 0.19,
      "higal": "HIGALBM330.6607+0.5799",
      "agal": "G330.6595+0.5795",
      "corn": "G330.6610+0.5793",
      "corn_t": "HII Region",
      "rms": "G330.6605+00.5788",
      "rms_t": "HII region",
      "wise": "G330.656+00.577",
      "wise_t": "C"
    }
  ]
}
