{
  "Sources": [
    {
      "source": "YB4845",
      "yb_number": 4845,
      "reference": "WolfChase25",
      "dist": 4.13,
      "e_dist": 0.76,
      "dist_c": 4.01,
      "dist_m": 4.02,
      "e_dist_m": 0.33,
      "stat_m": "SDIST_EXT",
      "pfar": 0.0,
      "dist_r1": 4.13,
      "e_dist_r1": 0.76,
      "pint_r1": 0.58,
      "arm_r1": "N4N",
      "dist_r2": 5.99,
      "e_dist_r2": 0.84,
      "pint_r2": 0.42,
      "arm_r2": "N4N",
      "diam": 0.48,
      "e_diam": 0.09,
      "mass": 2435.79,
      "e_mass": 2999.72,
      "blum": 33515.01,
      "e_blum": 14038.45,
      "lmrat": 13.76,
      "e_lmrat": 17.9,
      "temp": 17.3,
      "e_temp": 1.0,
      "lrat": 141.7,
      "e_lrat": 28.34,
      "tbol": 51.8,
      "e_tbol": 10.36,
      "sigma": 2.82,
      "e_sigma": 3.47,
      "glon": 331.12748,
      "glat": -0.4814,
      "mwpr": 0.00353,
      "e_glon": 0.00133,
      "e_glat": 0.0006,
      "e_mwpr": 0.00122,
      "hrate": 0.31,
      "f8": 10.9361,
      "e_f8": 0.2005,
      "f12": 2.4965,
      "e_f12": 0.2648,
      "f24": null,
      "e_f24": null,
      "f70": 376.7842,
      "e_f70": 0.1886,
      "n8": 5,
      "n12": 5,
      "n24": 0,
      "n70": 5,
      "f_sat": "0010",
      "f_multi": 0,
      "f_nosrc": "0000",
      "f_pconf": "0000",
      "f_cext": 0,
      "vlsr": -68.25,
      "e_vlsr": 0.13,
      "stype": "SP",
      "vlsr_g": null,
      "vlsr_s": -68.25,
      "vlsr_f": null,
      "vlsr_t": null,
      "vlsr_dht": null,
      "vlsr_dgt": null,
      "dgt": null,
      "vlsr_c": -68.9,
      "vlsr_m": -68.94,
      "e_vlsr_m": 0.06,
      "higal": "HIGALBM331.1294-0.4811",
      "agal": "G331.1335-0.4831",
      "corn": "G331.1290-0.4813",
      "corn_t": "HII Region",
      "rms": "G331.1277-00.4814",
      "rms_t": "HII region",
      "wise": "G331.127-00.481",
      "wise_t": "C"
    }
  ]
}
