{
  "Sources": [
    {
      "source": "YB4962",
      "yb_number": 4962,
      "reference": "WolfChase25",
      "dist": 2.81,
      "e_dist": 0.28,
      "dist_c": 2.98,
      "dist_m": 2.73,
      "e_dist_m": 0.38,
      "stat_m": "SDIST_EXT",
      "pfar": 0.0,
      "dist_r1": 2.81,
      "e_dist_r1": 0.28,
      "pint_r1": 1.0,
      "arm_r1": "CtN",
      "dist_r2": 0.0,
      "e_dist_r2": 0.0,
      "pint_r2": 0.0,
      "arm_r2": null,
      "diam": 0.16,
      "e_diam": 0.02,
      "mass": 190.72,
      "e_mass": 112.18,
      "blum": 8760.01,
      "e_blum": 1745.77,
      "lmrat": 45.93,
      "e_lmrat": 28.52,
      "temp": 27.0,
      "e_temp": 0.4,
      "lrat": 193.6,
      "e_lrat": 38.72,
      "tbol": 47.17,
      "e_tbol": 9.43,
      "sigma": 2.06,
      "e_sigma": 1.21,
      "glon": 333.02968,
      "glat": -0.06386,
      "mwpr": 0.00417,
      "e_glon": 0.00133,
      "e_glat": 0.0011,
      "e_mwpr": 0.00228,
      "hrate": 0.65,
      "f8": 3.4589,
      "e_f8": 0.2024,
      "f12": 1.3176,
      "e_f12": 0.4383,
      "f24": null,
      "e_f24": null,
      "f70": 442.1096,
      "e_f70": 0.0488,
      "n8": 5,
      "n12": 5,
      "n24": 0,
      "n70": 5,
      "f_sat": "0010",
      "f_multi": 1,
      "f_nosrc": "0000",
      "f_pconf": "0000",
      "f_cext": 0,
      "vlsr": -40.25,
      "e_vlsr": 0.13,
      "stype": "MP:1",
      "vlsr_g": null,
      "vlsr_s": -40.25,
      "vlsr_f": null,
      "vlsr_t": null,
      "vlsr_dht": null,
      "vlsr_dgt": -40.25,
      "dgt": "SPLASH_1720",
      "vlsr_c": -46.2,
      "vlsr_m": -41.47,
      "e_vlsr_m": 0.05,
      "higal": "HIGALBM333.0299-0.0632",
      "agal": "G333.0293-0.0616",
      "corn": "G333.0290-0.0631",
      "corn_t": "UCHII Region",
      "rms": "G333.0299-00.0645",
      "rms_t": "HII region",
      "wise": "G333.029-00.066",
      "wise_t": "C"
    }
  ]
}
