{
  "Sources": [
    {
      "source": "YB5005",
      "yb_number": 5005,
      "reference": "WolfChase25",
      "dist": 14.86,
      "e_dist": 0.57,
      "dist_c": 14.04,
      "dist_m": 14.58,
      "e_dist_m": 0.59,
      "stat_m": "SDIST_EXT",
      "pfar": 1.0,
      "dist_r1": 14.86,
      "e_dist_r1": 0.57,
      "pint_r1": 1.0,
      "arm_r1": "CtF",
      "dist_r2": 0.0,
      "e_dist_r2": 0.0,
      "pint_r2": 0.0,
      "arm_r2": null,
      "diam": 1.62,
      "e_diam": 0.06,
      "mass": 3325.71,
      "e_mass": 836.02,
      "blum": 126502.1,
      "e_blum": 9704.74,
      "lmrat": 38.04,
      "e_lmrat": 10.0,
      "temp": 16.8,
      "e_temp": 1.5,
      "lrat": 392.6,
      "e_lrat": 78.52,
      "tbol": 52.22,
      "e_tbol": 10.44,
      "sigma": 0.34,
      "e_sigma": 0.09,
      "glon": 333.67882,
      "glat": -0.43529,
      "mwpr": 0.00378,
      "e_glon": 0.00047,
      "e_glat": 0.00052,
      "e_mwpr": 0.00132,
      "hrate": 0.56,
      "f8": 0.4762,
      "e_f8": 0.5895,
      "f12": 0.4613,
      "e_f12": 0.2081,
      "f24": 5.9237,
      "e_f24": 0.1225,
      "f70": 30.2555,
      "e_f70": 0.1207,
      "n8": 5,
      "n12": 5,
      "n24": 5,
      "n70": 5,
      "f_sat": "0000",
      "f_multi": 0,
      "f_nosrc": "0000",
      "f_pconf": "0000",
      "f_cext": 0,
      "vlsr": -4.75,
      "e_vlsr": 0.13,
      "stype": "SP",
      "vlsr_g": null,
      "vlsr_s": -4.75,
      "vlsr_f": null,
      "vlsr_t": null,
      "vlsr_dht": null,
      "vlsr_dgt": null,
      "dgt": null,
      "vlsr_c": -11.5,
      "vlsr_m": -4.46,
      "e_vlsr_m": 0.1,
      "higal": "HIGALBM333.6827-0.4366",
      "agal": "G333.6794-0.4316",
      "corn": "G333.6790-0.4353",
      "corn_t": "UCHII Region",
      "rms": "G333.6788-00.4344",
      "rms_t": "HII region",
      "wise": "G333.681-00.441",
      "wise_t": "K"
    }
  ]
}
