{
  "Sources": [
    {
      "source": "YB5014",
      "yb_number": 5014,
      "reference": "WolfChase25",
      "dist": 14.91,
      "e_dist": 0.54,
      "dist_c": 14.66,
      "dist_m": 14.49,
      "e_dist_m": 0.58,
      "stat_m": "SDIST_EXT",
      "pfar": 1.0,
      "dist_r1": 14.91,
      "e_dist_r1": 0.54,
      "pint_r1": 1.0,
      "arm_r1": "CtF",
      "dist_r2": 0.0,
      "e_dist_r2": 0.0,
      "pint_r2": 0.0,
      "arm_r2": null,
      "diam": 1.06,
      "e_diam": 0.04,
      "mass": 2014.9,
      "e_mass": 196.29,
      "blum": 160922.21,
      "e_blum": 11656.34,
      "lmrat": 79.87,
      "e_lmrat": 9.7,
      "temp": 24.1,
      "e_temp": 1.1,
      "lrat": 397.8,
      "e_lrat": 79.56,
      "tbol": 54.68,
      "e_tbol": 10.94,
      "sigma": 0.48,
      "e_sigma": 0.05,
      "glon": 333.73376,
      "glat": -0.4272,
      "mwpr": 0.00479,
      "e_glon": 0.00052,
      "e_glat": 0.0007,
      "e_mwpr": 0.00163,
      "hrate": 0.97,
      "f8": 2.5605,
      "e_f8": 0.2704,
      "f12": 1.7428,
      "e_f12": 0.1721,
      "f24": 11.8154,
      "e_f24": 0.0713,
      "f70": 233.8218,
      "e_f70": 0.1057,
      "n8": 5,
      "n12": 5,
      "n24": 5,
      "n70": 5,
      "f_sat": "0000",
      "f_multi": 0,
      "f_nosrc": "0000",
      "f_pconf": "0000",
      "f_cext": 0,
      "vlsr": -4.0,
      "e_vlsr": 0.13,
      "stype": "SP",
      "vlsr_g": null,
      "vlsr_s": -4.0,
      "vlsr_f": null,
      "vlsr_t": null,
      "vlsr_dht": null,
      "vlsr_dgt": null,
      "dgt": null,
      "vlsr_c": -3.6,
      "vlsr_m": -5.73,
      "e_vlsr_m": 0.72,
      "higal": "HIGALBM333.7330-0.4254",
      "agal": "G333.7324-0.4251",
      "corn": "G333.7340-0.4263",
      "corn_t": "HII Region",
      "rms": "G333.7339-00.4267",
      "rms_t": "HII region",
      "wise": "G333.733-00.429",
      "wise_t": "C"
    }
  ]
}
