{
  "Sources": [
    {
      "source": "YB5077",
      "yb_number": 5077,
      "reference": "WolfChase25",
      "dist": 10.65,
      "e_dist": 0.67,
      "dist_c": 10.51,
      "dist_m": 10.51,
      "e_dist_m": 0.29,
      "stat_m": "SDIST_EXT",
      "pfar": 1.0,
      "dist_r1": 10.65,
      "e_dist_r1": 0.67,
      "pint_r1": 0.79,
      "arm_r1": "N4F",
      "dist_r2": 4.61,
      "e_dist_r2": 0.33,
      "pint_r2": 0.21,
      "arm_r2": "N4N",
      "diam": 0.65,
      "e_diam": 0.04,
      "mass": 353.74,
      "e_mass": 386.6,
      "blum": 18691.9,
      "e_blum": 4416.63,
      "lmrat": 52.84,
      "e_lmrat": 59.08,
      "temp": 25.6,
      "e_temp": 1.4,
      "lrat": 233.3,
      "e_lrat": 46.66,
      "tbol": 52.38,
      "e_tbol": 10.48,
      "sigma": 0.22,
      "e_sigma": 0.24,
      "glon": 334.84382,
      "glat": 0.21037,
      "mwpr": 0.00509,
      "e_glon": 0.00121,
      "e_glat": 0.0018,
      "e_mwpr": 0.00316,
      "hrate": 0.55,
      "f8": 1.7399,
      "e_f8": 0.1347,
      "f12": 0.7972,
      "e_f12": 0.2511,
      "f24": 5.0077,
      "e_f24": 0.2999,
      "f70": 56.5044,
      "e_f70": 0.3043,
      "n8": 5,
      "n12": 5,
      "n24": 5,
      "n70": 5,
      "f_sat": "0000",
      "f_multi": 1,
      "f_nosrc": "0000",
      "f_pconf": "0000",
      "f_cext": 0,
      "vlsr": -80.0,
      "e_vlsr": 0.13,
      "stype": "SP",
      "vlsr_g": null,
      "vlsr_s": -80.0,
      "vlsr_f": null,
      "vlsr_t": null,
      "vlsr_dht": null,
      "vlsr_dgt": null,
      "dgt": null,
      "vlsr_c": -80.1,
      "vlsr_m": -80.0,
      "e_vlsr_m": 0.11,
      "higal": "HIGALBM334.8444+0.2090",
      "agal": "G334.8439+0.2078",
      "corn": null,
      "corn_t": null,
      "rms": "G334.8438+00.2095A",
      "rms_t": "YSO",
      "wise": "G334.842+00.213",
      "wise_t": "C"
    }
  ]
}
