{
  "Sources": [
    {
      "source": "YB5069",
      "yb_number": 5069,
      "reference": "WolfChase25",
      "dist": 11.03,
      "e_dist": 0.38,
      "dist_c": 2.83,
      "dist_m": 2.83,
      "e_dist_m": 0.38,
      "stat_m": "CLOUD_EXT",
      "pfar": 0.0,
      "dist_r1": 11.03,
      "e_dist_r1": 0.38,
      "pint_r1": 0.6,
      "arm_r1": "N4F",
      "dist_r2": 4.54,
      "e_dist_r2": 1.11,
      "pint_r2": 0.37,
      "arm_r2": "N4N",
      "diam": 1.52,
      "e_diam": 0.05,
      "mass": 2419.88,
      "e_mass": 45033.18,
      "blum": 55572.18,
      "e_blum": 11755.54,
      "lmrat": 22.96,
      "e_lmrat": 427.4,
      "temp": 17.4,
      "e_temp": 0.5,
      "lrat": 216.9,
      "e_lrat": 43.38,
      "tbol": 80.86,
      "e_tbol": 16.17,
      "sigma": 0.28,
      "e_sigma": 5.21,
      "glon": 334.72274,
      "glat": -0.6532,
      "mwpr": 0.00553,
      "e_glon": 0.00085,
      "e_glat": 0.00057,
      "e_mwpr": 0.00241,
      "hrate": 0.72,
      "f8": 2.761,
      "e_f8": 0.2019,
      "f12": 1.6505,
      "e_f12": 0.3142,
      "f24": null,
      "e_f24": null,
      "f70": 183.5148,
      "e_f70": 0.1144,
      "n8": 5,
      "n12": 5,
      "n24": 0,
      "n70": 5,
      "f_sat": "0010",
      "f_multi": 1,
      "f_nosrc": "0000",
      "f_pconf": "0000",
      "f_cext": 1,
      "vlsr": 3.34,
      "e_vlsr": 0.15,
      "stype": "SP",
      "vlsr_g": null,
      "vlsr_s": null,
      "vlsr_f": null,
      "vlsr_t": 3.34,
      "vlsr_dht": null,
      "vlsr_dgt": null,
      "dgt": null,
      "vlsr_c": -41.9,
      "vlsr_m": -41.9,
      "e_vlsr_m": 0.36,
      "higal": "HIGALBM334.7216-0.6533",
      "agal": "G334.7231-0.6544",
      "corn": "G334.7220-0.6531",
      "corn_t": "UCHII Region",
      "rms": "G334.7225-00.6539",
      "rms_t": "HII region",
      "wise": "G334.721-00.653",
      "wise_t": "K"
    }
  ]
}
