{
  "Sources": [
    {
      "source": "YB5026",
      "yb_number": 5026,
      "reference": "WolfChase25",
      "dist": 4.72,
      "e_dist": 0.36,
      "dist_c": 10.2,
      "dist_m": 10.23,
      "e_dist_m": 0.3,
      "stat_m": "NO_KDA",
      "pfar": 0.5,
      "dist_r1": 4.72,
      "e_dist_r1": 0.36,
      "pint_r1": 1.0,
      "arm_r1": "N4N",
      "dist_r2": 0.0,
      "e_dist_r2": 0.0,
      "pint_r2": 0.0,
      "arm_r2": null,
      "diam": 0.41,
      "e_diam": 0.03,
      "mass": 1377.69,
      "e_mass": 489.27,
      "blum": 5792.83,
      "e_blum": 883.65,
      "lmrat": 4.2,
      "e_lmrat": 1.63,
      "temp": 13.7,
      "e_temp": 1.7,
      "lrat": 74.3,
      "e_lrat": 14.86,
      "tbol": 55.58,
      "e_tbol": 11.12,
      "sigma": 2.19,
      "e_sigma": 0.78,
      "glon": 334.02466,
      "glat": -0.0501,
      "mwpr": 0.00364,
      "e_glon": 0.00052,
      "e_glat": 0.0005,
      "e_mwpr": 0.001,
      "hrate": 0.59,
      "f8": 2.5623,
      "e_f8": 0.3701,
      "f12": 0.6579,
      "e_f12": 0.3526,
      "f24": 5.5541,
      "e_f24": 0.2257,
      "f70": 82.305,
      "e_f70": 0.3199,
      "n8": 5,
      "n12": 5,
      "n24": 5,
      "n70": 5,
      "f_sat": "0000",
      "f_multi": 1,
      "f_nosrc": "0000",
      "f_pconf": "0000",
      "f_cext": 0,
      "vlsr": -85.25,
      "e_vlsr": 0.13,
      "stype": "SP",
      "vlsr_g": null,
      "vlsr_s": -85.25,
      "vlsr_f": null,
      "vlsr_t": null,
      "vlsr_dht": null,
      "vlsr_dgt": null,
      "dgt": null,
      "vlsr_c": -85.6,
      "vlsr_m": -84.8,
      "e_vlsr_m": 0.17,
      "higal": "HIGALBM334.0262-0.0494",
      "agal": "G334.0279-0.0466",
      "corn": "G334.0260-0.0496",
      "corn_t": "UCHII Region",
      "rms": "G334.0256-00.0502",
      "rms_t": "HII region",
      "wise": "G334.025-00.051",
      "wise_t": "C"
    }
  ]
}
