{
  "Sources": [
    {
      "source": "YB5043",
      "yb_number": 5043,
      "reference": "WolfChase25",
      "dist": 2.78,
      "e_dist": 0.29,
      "dist_c": 3.16,
      "dist_m": 10.05,
      "e_dist_m": 0.29,
      "stat_m": "NO_KDA",
      "pfar": 0.5,
      "dist_r1": 2.78,
      "e_dist_r1": 0.29,
      "pint_r1": 1.0,
      "arm_r1": "CtN",
      "dist_r2": 0.0,
      "e_dist_r2": 0.0,
      "pint_r2": 0.0,
      "arm_r2": null,
      "diam": 0.19,
      "e_diam": 0.02,
      "mass": 170.66,
      "e_mass": 133.77,
      "blum": 2784.69,
      "e_blum": 804.81,
      "lmrat": 16.32,
      "e_lmrat": 13.63,
      "temp": 20.3,
      "e_temp": 0.2,
      "lrat": 115.3,
      "e_lrat": 23.06,
      "tbol": 48.19,
      "e_tbol": 9.64,
      "sigma": 1.17,
      "e_sigma": 0.92,
      "glon": 334.32768,
      "glat": -0.28991,
      "mwpr": 0.00378,
      "e_glon": 0.00047,
      "e_glat": 0.00045,
      "e_mwpr": 0.00077,
      "hrate": 0.81,
      "f8": 1.9564,
      "e_f8": 0.2019,
      "f12": 0.6239,
      "e_f12": 0.2332,
      "f24": 5.4673,
      "e_f24": 0.1041,
      "f70": 122.6927,
      "e_f70": 0.0851,
      "n8": 5,
      "n12": 5,
      "n24": 5,
      "n70": 5,
      "f_sat": "0000",
      "f_multi": 1,
      "f_nosrc": "0000",
      "f_pconf": "0000",
      "f_cext": 0,
      "vlsr": -37.0,
      "e_vlsr": 0.13,
      "stype": "SP",
      "vlsr_g": null,
      "vlsr_s": -37.0,
      "vlsr_f": null,
      "vlsr_t": null,
      "vlsr_dht": null,
      "vlsr_dgt": null,
      "dgt": null,
      "vlsr_c": -48.8,
      "vlsr_m": -89.8,
      "e_vlsr_m": 0.22,
      "higal": "HIGALBM334.3279-0.2875",
      "agal": "G334.3284-0.2864",
      "corn": "G334.3270-0.2904",
      "corn_t": "HII Region",
      "rms": "G334.3272-00.2884",
      "rms_t": "Evolved star",
      "wise": "G334.327-00.290",
      "wise_t": "C"
    }
  ]
}
