{
  "Sources": [
    {
      "source": "YB5194",
      "yb_number": 5194,
      "reference": "WolfChase25",
      "dist": 11.46,
      "e_dist": 0.34,
      "dist_c": 11.14,
      "dist_m": 11.13,
      "e_dist_m": 0.3,
      "stat_m": "KDIST_IRDC",
      "pfar": 1.0,
      "dist_r1": 11.46,
      "e_dist_r1": 0.34,
      "pint_r1": 0.59,
      "arm_r1": "N4F",
      "dist_r2": 9.67,
      "e_dist_r2": 0.54,
      "pint_r2": 0.41,
      "arm_r2": "Per",
      "diam": 0.98,
      "e_diam": 0.03,
      "mass": 4101.24,
      "e_mass": 653.79,
      "blum": 25623.08,
      "e_blum": 1520.39,
      "lmrat": 6.25,
      "e_lmrat": 1.06,
      "temp": 18.9,
      "e_temp": 1.1,
      "lrat": 51.3,
      "e_lrat": 10.26,
      "tbol": 48.73,
      "e_tbol": 9.75,
      "sigma": 1.14,
      "e_sigma": 0.18,
      "glon": 337.19369,
      "glat": -0.06004,
      "mwpr": 0.00248,
      "e_glon": 0.00063,
      "e_glat": 0.00024,
      "e_mwpr": 0.00242,
      "hrate": 0.27,
      "f8": 0.3153,
      "e_f8": 0.335,
      "f12": 0.0618,
      "e_f12": 0.2412,
      "f24": 1.9686,
      "e_f24": 0.1133,
      "f70": 46.7205,
      "e_f70": 0.2209,
      "n8": 5,
      "n12": 5,
      "n24": 5,
      "n70": 5,
      "f_sat": "0000",
      "f_multi": 0,
      "f_nosrc": "0000",
      "f_pconf": "0000",
      "f_cext": 0,
      "vlsr": -68.75,
      "e_vlsr": 0.13,
      "stype": "SP",
      "vlsr_g": null,
      "vlsr_s": -68.75,
      "vlsr_f": null,
      "vlsr_t": null,
      "vlsr_dht": null,
      "vlsr_dgt": null,
      "dgt": null,
      "vlsr_c": -69.4,
      "vlsr_m": -69.5,
      "e_vlsr_m": 0.59,
      "higal": "HIGALBM337.1944-0.0602",
      "agal": "G337.1960-0.0621",
      "corn": "G337.1940-0.0599",
      "corn_t": "UCHII Region",
      "rms": null,
      "rms_t": null,
      "wise": "G337.195-00.060",
      "wise_t": "Q"
    }
  ]
}
