{
  "Sources": [
    {
      "source": "YB5177",
      "yb_number": 5177,
      "reference": "WolfChase25",
      "dist": 7.86,
      "e_dist": 0.49,
      "dist_c": 9.11,
      "dist_m": 9.11,
      "e_dist_m": 0.3,
      "stat_m": "SDIST_EXT",
      "pfar": 1.0,
      "dist_r1": 7.86,
      "e_dist_r1": 0.49,
      "pint_r1": 0.61,
      "arm_r1": "3kN",
      "dist_r2": 6.59,
      "e_dist_r2": 0.41,
      "pint_r2": 0.39,
      "arm_r2": "3kN",
      "diam": 0.45,
      "e_diam": 0.03,
      "mass": 4553.66,
      "e_mass": 611.42,
      "blum": 30643.51,
      "e_blum": 3820.69,
      "lmrat": 6.73,
      "e_lmrat": 1.23,
      "temp": 26.1,
      "e_temp": 0.5,
      "lrat": 33.0,
      "e_lrat": 6.6,
      "tbol": 26.08,
      "e_tbol": 5.22,
      "sigma": 6.01,
      "e_sigma": 0.81,
      "glon": 336.98519,
      "glat": -0.0048,
      "mwpr": 0.00285,
      "e_glon": 0.00052,
      "e_glat": 0.00036,
      "e_mwpr": 0.00117,
      "hrate": 0.49,
      "f8": 2.107,
      "e_f8": 0.2347,
      "f12": 0.6727,
      "e_f12": 0.1741,
      "f24": 7.3918,
      "e_f24": 0.1271,
      "f70": 133.2608,
      "e_f70": 0.3011,
      "n8": 5,
      "n12": 5,
      "n24": 5,
      "n70": 5,
      "f_sat": "0000",
      "f_multi": 0,
      "f_nosrc": "0000",
      "f_pconf": "0000",
      "f_cext": 0,
      "vlsr": -120.0,
      "e_vlsr": 0.13,
      "stype": "SP",
      "vlsr_g": null,
      "vlsr_s": -120.0,
      "vlsr_f": null,
      "vlsr_t": null,
      "vlsr_dht": null,
      "vlsr_dgt": null,
      "dgt": null,
      "vlsr_c": -120.1,
      "vlsr_m": -120.1,
      "e_vlsr_m": 0.2,
      "higal": "HIGALBM336.9811-0.0038",
      "agal": "G336.9827-0.0045",
      "corn": "G336.9830-0.0047",
      "corn_t": "IR Quiet",
      "rms": "G336.9869-00.0050",
      "rms_t": "HII region",
      "wise": "G336.986-00.006",
      "wise_t": "C"
    }
  ]
}
