{
  "Sources": [
    {
      "source": "YB515",
      "yb_number": 515,
      "reference": "WolfChase25",
      "dist": 12.13,
      "e_dist": 0.3,
      "dist_c": 12.37,
      "dist_m": 12.37,
      "e_dist_m": 0.39,
      "stat_m": "SDIST_EXT",
      "pfar": 1.0,
      "dist_r1": 12.13,
      "e_dist_r1": 0.3,
      "pint_r1": 1.0,
      "arm_r1": "SgF",
      "dist_r2": 0.0,
      "e_dist_r2": 0.0,
      "pint_r2": 0.0,
      "arm_r2": null,
      "diam": 0.71,
      "e_diam": 0.02,
      "mass": 2265.08,
      "e_mass": 170.31,
      "blum": 34959.52,
      "e_blum": 1729.24,
      "lmrat": 15.43,
      "e_lmrat": 1.39,
      "temp": 19.9,
      "e_temp": 0.2,
      "lrat": 113.2,
      "e_lrat": 22.64,
      "tbol": 49.08,
      "e_tbol": 9.82,
      "sigma": 1.21,
      "e_sigma": 0.09,
      "glon": 16.14401,
      "glat": 0.00809,
      "mwpr": 0.00274,
      "e_glon": 0.00044,
      "e_glat": 0.00048,
      "e_mwpr": 0.00111,
      "hrate": 0.4,
      "f8": 0.7206,
      "e_f8": 0.5356,
      "f12": 0.3135,
      "e_f12": 0.5052,
      "f24": 4.1783,
      "e_f24": 0.2721,
      "f70": 78.2873,
      "e_f70": 0.2685,
      "n8": 5,
      "n12": 5,
      "n24": 5,
      "n70": 5,
      "f_sat": "0000",
      "f_multi": 0,
      "f_nosrc": "0000",
      "f_pconf": "0000",
      "f_cext": 0,
      "vlsr": 44.78,
      "e_vlsr": 0.1,
      "stype": "SP",
      "vlsr_g": 44.78,
      "vlsr_s": 45.25,
      "vlsr_f": null,
      "vlsr_t": null,
      "vlsr_dht": null,
      "vlsr_dgt": null,
      "dgt": null,
      "vlsr_c": 45.1,
      "vlsr_m": 45.12,
      "e_vlsr_m": 0.15,
      "higal": "HIGALBM16.1446+0.0091",
      "agal": "G016.1442+0.0091",
      "corn": "G016.1448+00.0088",
      "corn_t": "UCHII Region",
      "rms": "G016.1438+00.0074",
      "rms_t": "HII region",
      "wise": "G016.144+00.008",
      "wise_t": "C"
    }
  ]
}
