{
  "Sources": [
    {
      "source": "YB5193",
      "yb_number": 5193,
      "reference": "WolfChase25",
      "dist": 8.0,
      "e_dist": 0.39,
      "dist_c": 11.13,
      "dist_m": 11.25,
      "e_dist_m": 0.31,
      "stat_m": "KDIST_IRDC",
      "pfar": 1.0,
      "dist_r1": 8.0,
      "e_dist_r1": 0.39,
      "pint_r1": 1.0,
      "arm_r1": "3kN",
      "dist_r2": 0.0,
      "e_dist_r2": 0.0,
      "pint_r2": 0.0,
      "arm_r2": null,
      "diam": 0.53,
      "e_diam": 0.03,
      "mass": 317.37,
      "e_mass": 74.47,
      "blum": 27675.58,
      "e_blum": 2698.37,
      "lmrat": 87.2,
      "e_lmrat": 22.16,
      "temp": 24.8,
      "e_temp": 1.5,
      "lrat": 407.5,
      "e_lrat": 81.5,
      "tbol": 60.05,
      "e_tbol": 12.01,
      "sigma": 0.3,
      "e_sigma": 0.07,
      "glon": 337.18667,
      "glat": -0.05895,
      "mwpr": 0.00343,
      "e_glon": 0.00044,
      "e_glat": 0.0007,
      "e_mwpr": 0.00131,
      "hrate": 0.68,
      "f8": 2.0038,
      "e_f8": 0.2783,
      "f12": 0.5128,
      "e_f12": 0.2139,
      "f24": 5.7156,
      "e_f24": 0.0965,
      "f70": 144.0362,
      "e_f70": 0.044,
      "n8": 5,
      "n12": 5,
      "n24": 5,
      "n70": 5,
      "f_sat": "0000",
      "f_multi": 0,
      "f_nosrc": "0000",
      "f_pconf": "0000",
      "f_cext": 0,
      "vlsr": -113.25,
      "e_vlsr": 0.13,
      "stype": "MP:1",
      "vlsr_g": null,
      "vlsr_s": -113.25,
      "vlsr_f": null,
      "vlsr_t": null,
      "vlsr_dht": null,
      "vlsr_dgt": -113.25,
      "dgt": "SPLASH_1720",
      "vlsr_c": -69.6,
      "vlsr_m": -66.7,
      "e_vlsr_m": 0.15,
      "higal": "HIGALBM337.1869-0.0577",
      "agal": "G337.1872-0.0559",
      "corn": "G337.1870-0.0580",
      "corn_t": "HII Region",
      "rms": "G337.1874-00.0589",
      "rms_t": "HII region",
      "wise": "G337.188-00.060",
      "wise_t": "Q"
    }
  ]
}
