{
  "Sources": [
    {
      "source": "YB5171",
      "yb_number": 5171,
      "reference": "WolfChase25",
      "dist": 7.85,
      "e_dist": 0.48,
      "dist_c": 9.05,
      "dist_m": 9.06,
      "e_dist_m": 0.3,
      "stat_m": "SDIST_EXT",
      "pfar": 1.0,
      "dist_r1": 7.85,
      "e_dist_r1": 0.48,
      "pint_r1": 0.61,
      "arm_r1": "3kN",
      "dist_r2": 6.6,
      "e_dist_r2": 0.4,
      "pint_r2": 0.39,
      "arm_r2": "3kN",
      "diam": 0.42,
      "e_diam": 0.03,
      "mass": 2387.86,
      "e_mass": 321.36,
      "blum": 57340.43,
      "e_blum": 7012.33,
      "lmrat": 24.01,
      "e_lmrat": 4.37,
      "temp": 25.7,
      "e_temp": 0.3,
      "lrat": 114.4,
      "e_lrat": 22.88,
      "tbol": 45.87,
      "e_tbol": 9.17,
      "sigma": 3.6,
      "e_sigma": 0.48,
      "glon": 336.90014,
      "glat": -0.03211,
      "mwpr": 0.00205,
      "e_glon": 0.00023,
      "e_glat": 0.00033,
      "e_mwpr": 0.00054,
      "hrate": 0.37,
      "f8": 0.9533,
      "e_f8": 0.0863,
      "f12": 0.3753,
      "e_f12": 0.1611,
      "f24": 5.969,
      "e_f24": 0.102,
      "f70": 243.8506,
      "e_f70": 0.0735,
      "n8": 5,
      "n12": 5,
      "n24": 5,
      "n70": 5,
      "f_sat": "0000",
      "f_multi": 0,
      "f_nosrc": "0000",
      "f_pconf": "0000",
      "f_cext": 0,
      "vlsr": -119.25,
      "e_vlsr": 0.13,
      "stype": "MP:1",
      "vlsr_g": null,
      "vlsr_s": -119.25,
      "vlsr_f": null,
      "vlsr_t": null,
      "vlsr_dht": null,
      "vlsr_dgt": null,
      "dgt": null,
      "vlsr_c": -121.1,
      "vlsr_m": -120.94,
      "e_vlsr_m": 0.15,
      "higal": "HIGALBM336.9002-0.0321",
      "agal": "G336.9005-0.0318",
      "corn": "G336.9000-0.0319",
      "corn_t": "UCHII Region",
      "rms": "G336.9009-00.0345",
      "rms_t": "HII region",
      "wise": "G336.900-00.033",
      "wise_t": "Q"
    }
  ]
}
