{
  "Sources": [
    {
      "source": "YB5182",
      "yb_number": 5182,
      "reference": "WolfChase25",
      "dist": 7.87,
      "e_dist": 0.49,
      "dist_c": 9.1,
      "dist_m": 9.15,
      "e_dist_m": 0.33,
      "stat_m": "SDIST_EXT",
      "pfar": 1.0,
      "dist_r1": 7.87,
      "e_dist_r1": 0.49,
      "pint_r1": 0.61,
      "arm_r1": "3kN",
      "dist_r2": 6.58,
      "e_dist_r2": 0.41,
      "pint_r2": 0.39,
      "arm_r2": "3kN",
      "diam": 0.48,
      "e_diam": 0.03,
      "mass": 532.68,
      "e_mass": 78.89,
      "blum": 12014.08,
      "e_blum": 1496.04,
      "lmrat": 22.55,
      "e_lmrat": 4.36,
      "temp": 21.0,
      "e_temp": 0.5,
      "lrat": 146.6,
      "e_lrat": 29.32,
      "tbol": 51.99,
      "e_tbol": 10.4,
      "sigma": 0.62,
      "e_sigma": 0.09,
      "glon": 337.04659,
      "glat": -0.00077,
      "mwpr": 0.00357,
      "e_glon": 0.00068,
      "e_glat": 0.00068,
      "e_mwpr": 0.00208,
      "hrate": 0.44,
      "f8": 1.255,
      "e_f8": 0.3677,
      "f12": 0.6585,
      "e_f12": 0.161,
      "f24": 5.8982,
      "e_f24": 0.0578,
      "f70": 64.7016,
      "e_f70": 0.1096,
      "n8": 5,
      "n12": 5,
      "n24": 5,
      "n70": 5,
      "f_sat": "0000",
      "f_multi": 0,
      "f_nosrc": "0000",
      "f_pconf": "0000",
      "f_cext": 0,
      "vlsr": -118.25,
      "e_vlsr": 0.13,
      "stype": "SP",
      "vlsr_g": null,
      "vlsr_s": -118.25,
      "vlsr_f": null,
      "vlsr_t": null,
      "vlsr_dht": null,
      "vlsr_dgt": null,
      "dgt": null,
      "vlsr_c": -120.6,
      "vlsr_m": -119.5,
      "e_vlsr_m": 0.2,
      "higal": "HIGALBM337.0471-0.0012",
      "agal": "G337.0480-0.0012",
      "corn": "G337.0470-0.0011",
      "corn_t": "UCHII Region",
      "rms": "G337.0470-00.0011",
      "rms_t": "HII region",
      "wise": "G337.046-00.001",
      "wise_t": "Q"
    }
  ]
}
