{
  "Sources": [
    {
      "source": "YB5162",
      "yb_number": 5162,
      "reference": "WolfChase25",
      "dist": 4.44,
      "e_dist": 0.32,
      "dist_c": 4.43,
      "dist_m": 4.43,
      "e_dist_m": 0.29,
      "stat_m": "SDIST_EXT",
      "pfar": 0.0,
      "dist_r1": 4.44,
      "e_dist_r1": 0.32,
      "pint_r1": 1.0,
      "arm_r1": "N4N",
      "dist_r2": 0.0,
      "e_dist_r2": 0.0,
      "pint_r2": 0.0,
      "arm_r2": null,
      "diam": 0.4,
      "e_diam": 0.03,
      "mass": 150.48,
      "e_mass": 871.29,
      "blum": 3366.45,
      "e_blum": 829.93,
      "lmrat": 22.37,
      "e_lmrat": 129.65,
      "temp": 21.3,
      "e_temp": 0.9,
      "lrat": 138.6,
      "e_lrat": 27.72,
      "tbol": 59.58,
      "e_tbol": 11.92,
      "sigma": 0.25,
      "e_sigma": 1.45,
      "glon": 336.7716,
      "glat": 0.24698,
      "mwpr": 0.00411,
      "e_glon": 0.00097,
      "e_glat": 0.00077,
      "e_mwpr": 0.00208,
      "hrate": 0.37,
      "f8": 1.7821,
      "e_f8": 0.2512,
      "f12": 1.0645,
      "e_f12": 0.1055,
      "f24": 9.1393,
      "e_f24": 0.0751,
      "f70": 55.9086,
      "e_f70": 0.1191,
      "n8": 5,
      "n12": 5,
      "n24": 5,
      "n70": 5,
      "f_sat": "0000",
      "f_multi": 1,
      "f_nosrc": "0000",
      "f_pconf": "0000",
      "f_cext": 0,
      "vlsr": -74.5,
      "e_vlsr": 0.13,
      "stype": "SP",
      "vlsr_g": null,
      "vlsr_s": -74.5,
      "vlsr_f": null,
      "vlsr_t": null,
      "vlsr_dht": null,
      "vlsr_dgt": null,
      "dgt": null,
      "vlsr_c": -74.4,
      "vlsr_m": -74.44,
      "e_vlsr_m": 0.12,
      "higal": "HIGALBM336.7721+0.2469",
      "agal": "G336.7737+0.2464",
      "corn": "G336.7710+0.2473",
      "corn_t": "HII Region",
      "rms": "G336.7725+00.2463",
      "rms_t": "HII region",
      "wise": "G336.766+00.243",
      "wise_t": "Q"
    }
  ]
}
