{
  "Sources": [
    {
      "source": "YB5142",
      "yb_number": 5142,
      "reference": "WolfChase25",
      "dist": 8.01,
      "e_dist": 5.06,
      "dist_c": 8.49,
      "dist_m": 8.64,
      "e_dist_m": 0.36,
      "stat_m": "SDIST_EXT",
      "pfar": 1.0,
      "dist_r1": 8.01,
      "e_dist_r1": 5.06,
      "pint_r1": 0.74,
      "arm_r1": "3kN",
      "dist_r2": 7.12,
      "e_dist_r2": 2.5,
      "pint_r2": 0.26,
      "arm_r2": "3kN",
      "diam": 0.44,
      "e_diam": 0.28,
      "mass": 3752.76,
      "e_mass": 4741.31,
      "blum": 106455.24,
      "e_blum": 136172.52,
      "lmrat": 28.37,
      "e_lmrat": 51.0,
      "temp": 27.4,
      "e_temp": 0.4,
      "lrat": 125.3,
      "e_lrat": 25.06,
      "tbol": 49.94,
      "e_tbol": 9.99,
      "sigma": 5.09,
      "e_sigma": 6.43,
      "glon": 336.36599,
      "glat": -0.00466,
      "mwpr": 0.00361,
      "e_glon": 0.0004,
      "e_glat": 0.0005,
      "e_mwpr": 0.00153,
      "hrate": 0.41,
      "f8": 2.7644,
      "e_f8": 0.163,
      "f12": 1.6826,
      "e_f12": 0.3015,
      "f24": null,
      "e_f24": null,
      "f70": 548.23,
      "e_f70": 0.1543,
      "n8": 5,
      "n12": 5,
      "n24": 0,
      "n70": 5,
      "f_sat": "0010",
      "f_multi": 1,
      "f_nosrc": "0000",
      "f_pconf": "0000",
      "f_cext": 0,
      "vlsr": -128.0,
      "e_vlsr": 0.13,
      "stype": "SP",
      "vlsr_g": null,
      "vlsr_s": -128.0,
      "vlsr_f": null,
      "vlsr_t": null,
      "vlsr_dht": null,
      "vlsr_dgt": null,
      "dgt": null,
      "vlsr_c": -129.9,
      "vlsr_m": -127.4,
      "e_vlsr_m": 0.57,
      "higal": "HIGALBM336.3674-0.0037",
      "agal": "G336.3684-0.0046",
      "corn": "G336.3680-0.0043",
      "corn_t": "UCHII Region",
      "rms": "G336.3684-00.0033A",
      "rms_t": "HII region",
      "wise": "G336.367-00.003",
      "wise_t": "C"
    }
  ]
}
