{
  "Sources": [
    {
      "source": "YB5295",
      "yb_number": 5295,
      "reference": "WolfChase25",
      "dist": 11.84,
      "e_dist": 0.35,
      "dist_c": 11.87,
      "dist_m": 11.87,
      "e_dist_m": 0.34,
      "stat_m": "SDIST_EXT",
      "pfar": 1.0,
      "dist_r1": 11.84,
      "e_dist_r1": 0.35,
      "pint_r1": 0.96,
      "arm_r1": "N4F",
      "dist_r2": 2.78,
      "e_dist_r2": 0.26,
      "pint_r2": 0.04,
      "arm_r2": "CtN",
      "diam": 0.3,
      "e_diam": 0.01,
      "mass": 845.51,
      "e_mass": 51.01,
      "blum": 62929.0,
      "e_blum": 3720.46,
      "lmrat": 74.43,
      "e_lmrat": 6.29,
      "temp": 29.4,
      "e_temp": 0.7,
      "lrat": 274.1,
      "e_lrat": 54.82,
      "tbol": 52.87,
      "e_tbol": 10.57,
      "sigma": 2.51,
      "e_sigma": 0.15,
      "glon": 338.461,
      "glat": -0.25825,
      "mwpr": 0.00315,
      "e_glon": 0.00057,
      "e_glat": 0.00058,
      "e_mwpr": 0.00108,
      "hrate": 0.63,
      "f8": 1.593,
      "e_f8": 0.1487,
      "f12": 0.4582,
      "e_f12": 0.1206,
      "f24": 4.8369,
      "e_f24": 0.0996,
      "f70": 129.5209,
      "e_f70": 0.0235,
      "n8": 5,
      "n12": 5,
      "n24": 5,
      "n70": 5,
      "f_sat": "0000",
      "f_multi": 0,
      "f_nosrc": "0000",
      "f_pconf": "0001",
      "f_cext": 0,
      "vlsr": -51.5,
      "e_vlsr": 0.13,
      "stype": "SP",
      "vlsr_g": null,
      "vlsr_s": -51.5,
      "vlsr_f": null,
      "vlsr_t": null,
      "vlsr_dht": null,
      "vlsr_dgt": null,
      "dgt": null,
      "vlsr_c": -54.3,
      "vlsr_m": -54.34,
      "e_vlsr_m": 0.32,
      "higal": "HIGALBM338.4612-0.2580",
      "agal": "G338.4610-0.2582",
      "corn": "G338.4610-0.2579",
      "corn_t": "UCHII Region",
      "rms": "G338.4605-00.2584",
      "rms_t": "HII region",
      "wise": "G338.462-00.262",
      "wise_t": "C"
    }
  ]
}
