{
  "Sources": [
    {
      "source": "YB5261",
      "yb_number": 5261,
      "reference": "WolfChase25",
      "dist": 11.63,
      "e_dist": 0.33,
      "dist_c": 11.33,
      "dist_m": 11.33,
      "e_dist_m": 0.31,
      "stat_m": "SDIST_EXT",
      "pfar": 1.0,
      "dist_r1": 11.63,
      "e_dist_r1": 0.33,
      "pint_r1": 0.5,
      "arm_r1": "N4F",
      "dist_r2": 9.85,
      "e_dist_r2": 0.72,
      "pint_r2": 0.5,
      "arm_r2": "Per",
      "diam": 0.67,
      "e_diam": 0.02,
      "mass": 1281.99,
      "e_mass": 137.29,
      "blum": 104725.37,
      "e_blum": 5943.14,
      "lmrat": 81.69,
      "e_lmrat": 9.9,
      "temp": 27.6,
      "e_temp": 1.0,
      "lrat": 321.3,
      "e_lrat": 64.26,
      "tbol": 52.05,
      "e_tbol": 10.41,
      "sigma": 0.76,
      "e_sigma": 0.08,
      "glon": 338.00039,
      "glat": -0.14941,
      "mwpr": 0.00265,
      "e_glon": 0.00062,
      "e_glat": 0.00114,
      "e_mwpr": 0.001,
      "hrate": 0.57,
      "f8": 2.585,
      "e_f8": 0.1512,
      "f12": 0.773,
      "e_f12": 0.0914,
      "f24": 6.6098,
      "e_f24": 0.1184,
      "f70": 232.7755,
      "e_f70": 0.0789,
      "n8": 5,
      "n12": 5,
      "n24": 5,
      "n70": 5,
      "f_sat": "0000",
      "f_multi": 1,
      "f_nosrc": "0000",
      "f_pconf": "0000",
      "f_cext": 0,
      "vlsr": -65.5,
      "e_vlsr": 0.13,
      "stype": "SP",
      "vlsr_g": null,
      "vlsr_s": -65.5,
      "vlsr_f": null,
      "vlsr_t": null,
      "vlsr_dht": null,
      "vlsr_dgt": null,
      "dgt": null,
      "vlsr_c": -65.8,
      "vlsr_m": -65.8,
      "e_vlsr_m": 0.06,
      "higal": "HIGALBM337.9995-0.1505",
      "agal": "G337.9999-0.1496",
      "corn": "G338.0000-0.1475",
      "corn_t": "UCHII Region",
      "rms": "G338.0008-00.1498A",
      "rms_t": "YSO",
      "wise": "G338.002-00.149",
      "wise_t": "C"
    }
  ]
}
