{
  "Sources": [
    {
      "source": "YB5257",
      "yb_number": 5257,
      "reference": "WolfChase25",
      "dist": 11.64,
      "e_dist": 0.32,
      "dist_c": 11.97,
      "dist_m": 11.67,
      "e_dist_m": 0.6,
      "stat_m": "SDIST_EXT",
      "pfar": 1.0,
      "dist_r1": 11.64,
      "e_dist_r1": 0.32,
      "pint_r1": 0.55,
      "arm_r1": "N4F",
      "dist_r2": 9.87,
      "e_dist_r2": 0.79,
      "pint_r2": 0.45,
      "arm_r2": "Per",
      "diam": 0.92,
      "e_diam": 0.03,
      "mass": 927.84,
      "e_mass": 144.97,
      "blum": 27138.32,
      "e_blum": 1492.14,
      "lmrat": 29.25,
      "e_lmrat": 4.84,
      "temp": 25.1,
      "e_temp": 1.4,
      "lrat": 133.8,
      "e_lrat": 26.76,
      "tbol": 47.77,
      "e_tbol": 9.55,
      "sigma": 0.29,
      "e_sigma": 0.05,
      "glon": 337.98398,
      "glat": -0.14664,
      "mwpr": 0.0016,
      "e_glon": 0.00019,
      "e_glat": 0.00037,
      "e_mwpr": 0.00037,
      "hrate": 0.33,
      "f8": 0.5042,
      "e_f8": 0.4257,
      "f12": 0.0617,
      "e_f12": 0.3197,
      "f24": 1.6857,
      "e_f24": 0.1296,
      "f70": 23.9271,
      "e_f70": 0.144,
      "n8": 5,
      "n12": 5,
      "n24": 5,
      "n70": 5,
      "f_sat": "0000",
      "f_multi": 1,
      "f_nosrc": "0000",
      "f_pconf": "0000",
      "f_cext": 0,
      "vlsr": -64.75,
      "e_vlsr": 0.13,
      "stype": "SP",
      "vlsr_g": null,
      "vlsr_s": -64.75,
      "vlsr_f": null,
      "vlsr_t": null,
      "vlsr_dht": null,
      "vlsr_dgt": null,
      "dgt": null,
      "vlsr_c": -51.7,
      "vlsr_m": -58.22,
      "e_vlsr_m": 10.32,
      "higal": "HIGALBM337.9840-0.1469",
      "agal": "G337.9843-0.1457",
      "corn": "G337.9840-0.1467",
      "corn_t": "UCHII Region",
      "rms": "G337.9858-00.1442B",
      "rms_t": "HII region",
      "wise": null,
      "wise_t": null
    }
  ]
}
