{
  "Sources": [
    {
      "source": "YB5265",
      "yb_number": 5265,
      "reference": "WolfChase25",
      "dist": 11.88,
      "e_dist": 0.38,
      "dist_c": 12.35,
      "dist_m": 12.34,
      "e_dist_m": 0.38,
      "stat_m": "SDIST_EXT",
      "pfar": 1.0,
      "dist_r1": 11.88,
      "e_dist_r1": 0.38,
      "pint_r1": 1.0,
      "arm_r1": "N4F",
      "dist_r2": 0.0,
      "e_dist_r2": 0.0,
      "pint_r2": 0.0,
      "arm_r2": null,
      "diam": 0.63,
      "e_diam": 0.02,
      "mass": 10996.87,
      "e_mass": 876.17,
      "blum": 293242.72,
      "e_blum": 18759.64,
      "lmrat": 26.67,
      "e_lmrat": 2.72,
      "temp": 29.6,
      "e_temp": 0.7,
      "lrat": 108.9,
      "e_lrat": 21.78,
      "tbol": 43.67,
      "e_tbol": 8.73,
      "sigma": 7.37,
      "e_sigma": 0.59,
      "glon": 338.07271,
      "glat": 0.01322,
      "mwpr": 0.00433,
      "e_glon": 0.00218,
      "e_glat": 0.00116,
      "e_mwpr": 0.00249,
      "hrate": 0.56,
      "f8": 2.2707,
      "e_f8": 0.5484,
      "f12": 1.0335,
      "e_f12": 0.2636,
      "f24": 14.3932,
      "e_f24": 0.1426,
      "f70": 961.3911,
      "e_f70": 0.1914,
      "n8": 5,
      "n12": 5,
      "n24": 5,
      "n70": 5,
      "f_sat": "0000",
      "f_multi": 1,
      "f_nosrc": "0000",
      "f_pconf": "0000",
      "f_cext": 0,
      "vlsr": -43.5,
      "e_vlsr": 0.13,
      "stype": "MP:1",
      "vlsr_g": null,
      "vlsr_s": -43.5,
      "vlsr_f": null,
      "vlsr_t": null,
      "vlsr_dht": null,
      "vlsr_dgt": null,
      "dgt": null,
      "vlsr_c": -44.2,
      "vlsr_m": -44.38,
      "e_vlsr_m": 0.14,
      "higal": "HIGALBM338.0751+0.0118",
      "agal": "G338.0748+0.0111",
      "corn": "G338.0730+0.0145",
      "corn_t": "HII Region",
      "rms": "G338.0715+00.0126C",
      "rms_t": "HII/YSO",
      "wise": "G338.075+00.016",
      "wise_t": "K"
    }
  ]
}
