{
  "Sources": [
    {
      "source": "YB5235",
      "yb_number": 5235,
      "reference": "WolfChase25",
      "dist": 11.71,
      "e_dist": 0.32,
      "dist_c": 11.94,
      "dist_m": 11.92,
      "e_dist_m": 0.35,
      "stat_m": "SDIST_EXT",
      "pfar": 1.0,
      "dist_r1": 11.71,
      "e_dist_r1": 0.32,
      "pint_r1": 1.0,
      "arm_r1": "N4F",
      "dist_r2": 0.0,
      "e_dist_r2": 0.0,
      "pint_r2": 0.0,
      "arm_r2": null,
      "diam": 0.75,
      "e_diam": 0.02,
      "mass": 5234.17,
      "e_mass": 354.91,
      "blum": 105329.25,
      "e_blum": 5756.68,
      "lmrat": 20.12,
      "e_lmrat": 1.75,
      "temp": 23.4,
      "e_temp": 0.4,
      "lrat": 110.8,
      "e_lrat": 22.16,
      "tbol": 46.62,
      "e_tbol": 9.32,
      "sigma": 2.49,
      "e_sigma": 0.17,
      "glon": 337.66498,
      "glat": -0.17539,
      "mwpr": 0.00467,
      "e_glon": 0.00059,
      "e_glat": 0.00079,
      "e_mwpr": 0.00288,
      "hrate": 0.65,
      "f8": 1.2195,
      "e_f8": 0.1129,
      "f12": 0.695,
      "e_f12": 0.1029,
      "f24": 8.5057,
      "e_f24": 0.0364,
      "f70": 216.3468,
      "e_f70": 0.0743,
      "n8": 5,
      "n12": 5,
      "n24": 5,
      "n70": 5,
      "f_sat": "0000",
      "f_multi": 1,
      "f_nosrc": "0000",
      "f_pconf": "0000",
      "f_cext": 0,
      "vlsr": -53.5,
      "e_vlsr": 0.13,
      "stype": "SP",
      "vlsr_g": null,
      "vlsr_s": -53.5,
      "vlsr_f": null,
      "vlsr_t": null,
      "vlsr_dht": null,
      "vlsr_dgt": null,
      "dgt": null,
      "vlsr_c": -52.1,
      "vlsr_m": -52.38,
      "e_vlsr_m": 0.12,
      "higal": "HIGALBM337.6653-0.1759",
      "agal": "G337.6651-0.1772",
      "corn": "G337.6660-0.1758",
      "corn_t": "HII Region",
      "rms": "G337.6651-00.1750",
      "rms_t": "HII region",
      "wise": "G337.665-00.176",
      "wise_t": "C"
    }
  ]
}
