{
  "Sources": [
    {
      "source": "YB5288",
      "yb_number": 5288,
      "reference": "WolfChase25",
      "dist": 15.94,
      "e_dist": 0.4,
      "dist_c": 3.05,
      "dist_m": 16.06,
      "e_dist_m": 0.83,
      "stat_m": "NO_AMB",
      "pfar": 0.0,
      "dist_r1": 15.94,
      "e_dist_r1": 0.4,
      "pint_r1": 1.0,
      "arm_r1": "CtF",
      "dist_r2": 0.0,
      "e_dist_r2": 0.0,
      "pint_r2": 0.0,
      "arm_r2": null,
      "diam": 0.99,
      "e_diam": 0.02,
      "mass": 1248.23,
      "e_mass": 1612.71,
      "blum": 111108.48,
      "e_blum": 22910.68,
      "lmrat": 89.01,
      "e_lmrat": 116.46,
      "temp": 27.1,
      "e_temp": 0.8,
      "lrat": 355.2,
      "e_lrat": 71.04,
      "tbol": 52.78,
      "e_tbol": 10.56,
      "sigma": 0.33,
      "e_sigma": 0.43,
      "glon": 338.3739,
      "glat": -0.15165,
      "mwpr": 0.00325,
      "e_glon": 0.00039,
      "e_glat": 0.00058,
      "e_mwpr": 0.00107,
      "hrate": 0.44,
      "f8": 1.1215,
      "e_f8": 0.325,
      "f12": 0.8503,
      "e_f12": 0.1381,
      "f24": null,
      "e_f24": null,
      "f70": 126.0839,
      "e_f70": 0.0634,
      "n8": 5,
      "n12": 5,
      "n24": 0,
      "n70": 5,
      "f_sat": "0010",
      "f_multi": 1,
      "f_nosrc": "0000",
      "f_pconf": "0000",
      "f_cext": 0,
      "vlsr": 5.75,
      "e_vlsr": 0.13,
      "stype": "SP",
      "vlsr_g": null,
      "vlsr_s": 5.75,
      "vlsr_f": null,
      "vlsr_t": null,
      "vlsr_dht": null,
      "vlsr_dgt": null,
      "dgt": null,
      "vlsr_c": -42.3,
      "vlsr_m": 5.33,
      "e_vlsr_m": 0.11,
      "higal": "HIGALBM338.3737-0.1517",
      "agal": "G338.3740-0.1519",
      "corn": "G338.3740-0.1516",
      "corn_t": "UCHII Region",
      "rms": "G338.3739-00.1519",
      "rms_t": "HII region",
      "wise": "G338.374-00.152",
      "wise_t": "Q"
    }
  ]
}
