{
  "Sources": [
    {
      "source": "YB527",
      "yb_number": 527,
      "reference": "WolfChase25",
      "dist": 12.11,
      "e_dist": 0.27,
      "dist_c": 12.42,
      "dist_m": 12.27,
      "e_dist_m": 0.38,
      "stat_m": "NO_KDA",
      "pfar": 0.5,
      "dist_r1": 12.11,
      "e_dist_r1": 0.27,
      "pint_r1": 0.33,
      "arm_r1": "SgF",
      "dist_r2": 13.29,
      "e_dist_r2": 0.34,
      "pint_r2": 0.14,
      "arm_r2": "Per",
      "diam": 1.13,
      "e_diam": 0.03,
      "mass": 1410.75,
      "e_mass": 62.95,
      "blum": 23617.19,
      "e_blum": 1053.12,
      "lmrat": 16.74,
      "e_lmrat": 1.06,
      "temp": 18.5,
      "e_temp": 1.1,
      "lrat": 140.1,
      "e_lrat": 28.02,
      "tbol": 51.73,
      "e_tbol": 10.35,
      "sigma": 0.29,
      "e_sigma": 0.01,
      "glon": 16.39072,
      "glat": -0.13772,
      "mwpr": 0.004,
      "e_glon": 0.00077,
      "e_glat": 0.00039,
      "e_mwpr": 0.00103,
      "hrate": 0.62,
      "f8": 0.6718,
      "e_f8": 0.498,
      "f12": 0.3107,
      "e_f12": 0.508,
      "f24": 2.3428,
      "e_f24": 0.3468,
      "f70": 53.8864,
      "e_f70": 0.4533,
      "n8": 5,
      "n12": 5,
      "n24": 5,
      "n70": 5,
      "f_sat": "0000",
      "f_multi": 0,
      "f_nosrc": "0000",
      "f_pconf": "0000",
      "f_cext": 0,
      "vlsr": 23.95,
      "e_vlsr": 0.1,
      "stype": "MP:2",
      "vlsr_g": 23.95,
      "vlsr_s": 23.75,
      "vlsr_f": null,
      "vlsr_t": null,
      "vlsr_dht": null,
      "vlsr_dgt": null,
      "dgt": null,
      "vlsr_c": 44.2,
      "vlsr_m": 47.06,
      "e_vlsr_m": 0.09,
      "higal": "HIGALBM16.3915-0.1382",
      "agal": "CSC016.391-00.137",
      "corn": "G016.3913-00.1383",
      "corn_t": "UCHII Region",
      "rms": null,
      "rms_t": null,
      "wise": "G016.390-00.138",
      "wise_t": "K"
    }
  ]
}
