{
  "Sources": [
    {
      "source": "YB5242",
      "yb_number": 5242,
      "reference": "WolfChase25",
      "dist": 11.75,
      "e_dist": 0.35,
      "dist_c": 12.11,
      "dist_m": 12.09,
      "e_dist_m": 0.36,
      "stat_m": "SDIST_EXT",
      "pfar": 1.0,
      "dist_r1": 11.75,
      "e_dist_r1": 0.35,
      "pint_r1": 1.0,
      "arm_r1": "N4F",
      "dist_r2": 0.0,
      "e_dist_r2": 0.0,
      "pint_r2": 0.0,
      "arm_r2": null,
      "diam": 0.67,
      "e_diam": 0.02,
      "mass": 16229.76,
      "e_mass": 1067.66,
      "blum": 201190.38,
      "e_blum": 11985.81,
      "lmrat": 12.4,
      "e_lmrat": 1.1,
      "temp": 29.2,
      "e_temp": 0.4,
      "lrat": 54.6,
      "e_lrat": 10.92,
      "tbol": 38.81,
      "e_tbol": 7.76,
      "sigma": 9.64,
      "e_sigma": 0.63,
      "glon": 337.70503,
      "glat": -0.05724,
      "mwpr": 0.00532,
      "e_glon": 0.00045,
      "e_glat": 0.00103,
      "e_mwpr": 0.00226,
      "hrate": 0.79,
      "f8": 2.057,
      "e_f8": 0.2745,
      "f12": 1.7204,
      "e_f12": 0.1368,
      "f24": null,
      "e_f24": null,
      "f70": 751.9194,
      "e_f70": 0.0403,
      "n8": 5,
      "n12": 5,
      "n24": 0,
      "n70": 5,
      "f_sat": "0010",
      "f_multi": 1,
      "f_nosrc": "0000",
      "f_pconf": "0000",
      "f_cext": 0,
      "vlsr": -49.5,
      "e_vlsr": 0.13,
      "stype": "SP",
      "vlsr_g": null,
      "vlsr_s": -49.5,
      "vlsr_f": null,
      "vlsr_t": null,
      "vlsr_dht": null,
      "vlsr_dgt": null,
      "dgt": null,
      "vlsr_c": -48.6,
      "vlsr_m": -48.97,
      "e_vlsr_m": 0.11,
      "higal": "HIGALBM337.7053-0.0535",
      "agal": "G337.7045-0.0535",
      "corn": "G337.7060-0.0581",
      "corn_t": "HII Region",
      "rms": "G337.7051-00.0575B",
      "rms_t": "HII region",
      "wise": "G337.705-00.059",
      "wise_t": "C"
    }
  ]
}
