{
  "Sources": [
    {
      "source": "YB5263",
      "yb_number": 5263,
      "reference": "WolfChase25",
      "dist": 11.66,
      "e_dist": 0.33,
      "dist_c": 11.47,
      "dist_m": 11.59,
      "e_dist_m": 0.35,
      "stat_m": "SDIST_EXT",
      "pfar": 1.0,
      "dist_r1": 11.66,
      "e_dist_r1": 0.33,
      "pint_r1": 0.78,
      "arm_r1": "N4F",
      "dist_r2": 9.79,
      "e_dist_r2": 0.52,
      "pint_r2": 0.22,
      "arm_r2": "Per",
      "diam": 0.8,
      "e_diam": 0.02,
      "mass": 1747.07,
      "e_mass": 181.35,
      "blum": 99935.05,
      "e_blum": 5656.7,
      "lmrat": 57.2,
      "e_lmrat": 6.76,
      "temp": 25.4,
      "e_temp": 0.7,
      "lrat": 260.4,
      "e_lrat": 52.08,
      "tbol": 53.15,
      "e_tbol": 10.63,
      "sigma": 0.73,
      "e_sigma": 0.08,
      "glon": 338.00652,
      "glat": 0.01805,
      "mwpr": 0.00309,
      "e_glon": 0.00045,
      "e_glat": 0.00038,
      "e_mwpr": 0.00082,
      "hrate": 0.56,
      "f8": 2.9039,
      "e_f8": 0.0621,
      "f12": 0.8354,
      "e_f12": 0.1396,
      "f24": null,
      "e_f24": null,
      "f70": 201.7531,
      "e_f70": 0.097,
      "n8": 5,
      "n12": 5,
      "n24": 0,
      "n70": 5,
      "f_sat": "0010",
      "f_multi": 0,
      "f_nosrc": "0000",
      "f_pconf": "0000",
      "f_cext": 0,
      "vlsr": -63.25,
      "e_vlsr": 0.13,
      "stype": "SP",
      "vlsr_g": null,
      "vlsr_s": -63.25,
      "vlsr_f": null,
      "vlsr_t": null,
      "vlsr_dht": null,
      "vlsr_dgt": null,
      "dgt": null,
      "vlsr_c": -62.6,
      "vlsr_m": -60.03,
      "e_vlsr_m": 2.71,
      "higal": "HIGALBM338.0063+0.0174",
      "agal": "G338.0063+0.0171",
      "corn": "G338.0070+0.0176",
      "corn_t": "UCHII Region",
      "rms": "G338.0074+00.0177",
      "rms_t": "HII region",
      "wise": "G338.009+00.016",
      "wise_t": "C"
    }
  ]
}
