{
  "Sources": [
    {
      "source": "YB5266",
      "yb_number": 5266,
      "reference": "WolfChase25",
      "dist": 11.82,
      "e_dist": 0.34,
      "dist_c": 12.11,
      "dist_m": 12.11,
      "e_dist_m": 0.36,
      "stat_m": "SDIST_EXT",
      "pfar": 1.0,
      "dist_r1": 11.82,
      "e_dist_r1": 0.34,
      "pint_r1": 1.0,
      "arm_r1": "N4F",
      "dist_r2": 0.0,
      "e_dist_r2": 0.0,
      "pint_r2": 0.0,
      "arm_r2": null,
      "diam": 0.65,
      "e_diam": 0.02,
      "mass": 1466.36,
      "e_mass": 139.26,
      "blum": 26278.04,
      "e_blum": 1511.77,
      "lmrat": 17.92,
      "e_lmrat": 1.99,
      "temp": 22.2,
      "e_temp": 0.6,
      "lrat": 105.2,
      "e_lrat": 21.04,
      "tbol": 46.82,
      "e_tbol": 9.36,
      "sigma": 0.9,
      "e_sigma": 0.09,
      "glon": 338.11175,
      "glat": -0.19114,
      "mwpr": 0.00261,
      "e_glon": 0.00068,
      "e_glat": 0.00074,
      "e_mwpr": 0.00094,
      "hrate": 0.27,
      "f8": 0.6476,
      "e_f8": 0.4938,
      "f12": 0.2923,
      "e_f12": 0.1612,
      "f24": 3.5052,
      "e_f24": 0.0633,
      "f70": 52.4591,
      "e_f70": 0.0687,
      "n8": 5,
      "n12": 5,
      "n24": 5,
      "n70": 5,
      "f_sat": "0000",
      "f_multi": 1,
      "f_nosrc": "0000",
      "f_pconf": "0000",
      "f_cext": 0,
      "vlsr": -48.75,
      "e_vlsr": 0.13,
      "stype": "SP",
      "vlsr_g": null,
      "vlsr_s": -48.75,
      "vlsr_f": null,
      "vlsr_t": null,
      "vlsr_dht": null,
      "vlsr_dgt": null,
      "dgt": null,
      "vlsr_c": -48.9,
      "vlsr_m": -48.9,
      "e_vlsr_m": 0.14,
      "higal": "HIGALBM338.1122-0.1907",
      "agal": "G338.1113-0.1911",
      "corn": null,
      "corn_t": null,
      "rms": "G338.1127-00.1905A",
      "rms_t": "YSO",
      "wise": "G338.114-00.193",
      "wise_t": "K"
    }
  ]
}
