{
  "Sources": [
    {
      "source": "YB5394",
      "yb_number": 5394,
      "reference": "WolfChase25",
      "dist": 12.09,
      "e_dist": 0.31,
      "dist_c": 11.93,
      "dist_m": 11.93,
      "e_dist_m": 0.34,
      "stat_m": "SDIST_EXT",
      "pfar": 1.0,
      "dist_r1": 12.09,
      "e_dist_r1": 0.31,
      "pint_r1": 0.74,
      "arm_r1": "N4F",
      "dist_r2": 10.32,
      "e_dist_r2": 0.5,
      "pint_r2": 0.26,
      "arm_r2": "Per",
      "diam": 0.65,
      "e_diam": 0.02,
      "mass": 1054.63,
      "e_mass": 141.2,
      "blum": 26187.04,
      "e_blum": 1342.92,
      "lmrat": 24.83,
      "e_lmrat": 3.56,
      "temp": 20.3,
      "e_temp": 0.5,
      "lrat": 173.2,
      "e_lrat": 34.64,
      "tbol": 53.11,
      "e_tbol": 10.62,
      "sigma": 0.67,
      "e_sigma": 0.09,
      "glon": 339.76006,
      "glat": 0.05308,
      "mwpr": 0.00402,
      "e_glon": 0.0006,
      "e_glat": 0.00059,
      "e_mwpr": 0.00118,
      "hrate": 0.79,
      "f8": 1.5181,
      "e_f8": 0.2819,
      "f12": 0.9132,
      "e_f12": 0.1709,
      "f24": 4.8649,
      "e_f24": 0.0712,
      "f70": 56.1941,
      "e_f70": 0.0985,
      "n8": 5,
      "n12": 5,
      "n24": 5,
      "n70": 5,
      "f_sat": "0000",
      "f_multi": 1,
      "f_nosrc": "0000",
      "f_pconf": "0000",
      "f_cext": 0,
      "vlsr": -54.0,
      "e_vlsr": 0.13,
      "stype": "SP",
      "vlsr_g": null,
      "vlsr_s": -54.0,
      "vlsr_f": null,
      "vlsr_t": null,
      "vlsr_dht": null,
      "vlsr_dgt": null,
      "dgt": null,
      "vlsr_c": -53.9,
      "vlsr_m": -53.94,
      "e_vlsr_m": 0.12,
      "higal": "HIGALBM339.7615+0.0538",
      "agal": "G339.7619+0.0539",
      "corn": null,
      "corn_t": null,
      "rms": "G339.7602+00.0530A",
      "rms_t": "YSO",
      "wise": "G339.761+00.052",
      "wise_t": "Q"
    }
  ]
}
