{
  "Sources": [
    {
      "source": "YB5375",
      "yb_number": 5375,
      "reference": "WolfChase25",
      "dist": 8.69,
      "e_dist": 0.5,
      "dist_c": 10.31,
      "dist_m": 10.31,
      "e_dist_m": 0.25,
      "stat_m": "SDIST_EXT",
      "pfar": 1.0,
      "dist_r1": 8.69,
      "e_dist_r1": 0.5,
      "pint_r1": 0.62,
      "arm_r1": "3kN",
      "dist_r2": 10.15,
      "e_dist_r2": 0.37,
      "pint_r2": 0.38,
      "arm_r2": "Per",
      "diam": 0.48,
      "e_diam": 0.03,
      "mass": 2892.52,
      "e_mass": 352.08,
      "blum": 56075.5,
      "e_blum": 6452.88,
      "lmrat": 19.39,
      "e_lmrat": 3.25,
      "temp": 26.0,
      "e_temp": 0.3,
      "lrat": 90.1,
      "e_lrat": 18.02,
      "tbol": 42.1,
      "e_tbol": 8.42,
      "sigma": 3.34,
      "e_sigma": 0.41,
      "glon": 339.47429,
      "glat": 0.18195,
      "mwpr": 0.0073,
      "e_glon": 0.00143,
      "e_glat": 0.00093,
      "e_mwpr": 0.00382,
      "hrate": 0.14,
      "f8": 0.6043,
      "e_f8": 0.6009,
      "f12": 0.4476,
      "e_f12": 0.0935,
      "f24": 8.7584,
      "e_f24": 0.1461,
      "f70": 227.7606,
      "e_f70": 0.0141,
      "n8": 5,
      "n12": 5,
      "n24": 5,
      "n70": 5,
      "f_sat": "0000",
      "f_multi": 1,
      "f_nosrc": "0000",
      "f_pconf": "0001",
      "f_cext": 0,
      "vlsr": -93.75,
      "e_vlsr": 0.13,
      "stype": "SP",
      "vlsr_g": null,
      "vlsr_s": -93.75,
      "vlsr_f": null,
      "vlsr_t": null,
      "vlsr_dht": null,
      "vlsr_dgt": null,
      "dgt": null,
      "vlsr_c": -94.3,
      "vlsr_m": -94.3,
      "e_vlsr_m": 0.09,
      "higal": "HIGALBM339.4767+0.1850",
      "agal": "G339.4764+0.1847",
      "corn": "G339.4770+0.1852",
      "corn_t": "UCHII Region",
      "rms": null,
      "rms_t": null,
      "wise": "G339.478+00.181",
      "wise_t": "C"
    }
  ]
}
