{
  "Sources": [
    {
      "source": "YB5392",
      "yb_number": 5392,
      "reference": "WolfChase25",
      "dist": 12.07,
      "e_dist": 0.32,
      "dist_c": 11.82,
      "dist_m": 11.82,
      "e_dist_m": 0.33,
      "stat_m": "SDIST_EXT",
      "pfar": 1.0,
      "dist_r1": 12.07,
      "e_dist_r1": 0.32,
      "pint_r1": 0.61,
      "arm_r1": "N4F",
      "dist_r2": 10.32,
      "e_dist_r2": 0.55,
      "pint_r2": 0.39,
      "arm_r2": "Per",
      "diam": 0.85,
      "e_diam": 0.02,
      "mass": 3869.64,
      "e_mass": 293.61,
      "blum": 42833.5,
      "e_blum": 2271.2,
      "lmrat": 11.07,
      "e_lmrat": 1.02,
      "temp": 19.3,
      "e_temp": 0.2,
      "lrat": 87.4,
      "e_lrat": 17.48,
      "tbol": 47.13,
      "e_tbol": 9.43,
      "sigma": 1.43,
      "e_sigma": 0.11,
      "glon": 339.74667,
      "glat": 0.09478,
      "mwpr": 0.00361,
      "e_glon": 0.00057,
      "e_glat": 0.00058,
      "e_mwpr": 0.00133,
      "hrate": 0.7,
      "f8": 0.8265,
      "e_f8": 0.2233,
      "f12": 0.4349,
      "e_f12": 0.4026,
      "f24": 4.9101,
      "e_f24": 0.138,
      "f70": 95.6295,
      "e_f70": 0.2316,
      "n8": 5,
      "n12": 5,
      "n24": 5,
      "n70": 5,
      "f_sat": "0000",
      "f_multi": 0,
      "f_nosrc": "0000",
      "f_pconf": "0000",
      "f_cext": 0,
      "vlsr": -55.25,
      "e_vlsr": 0.13,
      "stype": "SP",
      "vlsr_g": null,
      "vlsr_s": -55.25,
      "vlsr_f": null,
      "vlsr_t": null,
      "vlsr_dht": null,
      "vlsr_dgt": null,
      "dgt": null,
      "vlsr_c": -56.4,
      "vlsr_m": -56.38,
      "e_vlsr_m": 0.23,
      "higal": "HIGALBM339.7467+0.0948",
      "agal": "G339.7455+0.0940",
      "corn": "G339.7460+0.0952",
      "corn_t": "UCHII Region",
      "rms": "G339.7475+00.0947",
      "rms_t": "HII region",
      "wise": "G339.747+00.095",
      "wise_t": "C"
    }
  ]
}
