{
  "Sources": [
    {
      "source": "YB5421",
      "yb_number": 5421,
      "reference": "WolfChase25",
      "dist": 4.32,
      "e_dist": 1.32,
      "dist_c": 3.69,
      "dist_m": 3.69,
      "e_dist_m": 0.35,
      "stat_m": "SDIST_EXT",
      "pfar": 0.0,
      "dist_r1": 4.32,
      "e_dist_r1": 1.32,
      "pint_r1": 0.77,
      "arm_r1": "N4N",
      "dist_r2": 2.99,
      "e_dist_r2": 0.24,
      "pint_r2": 0.23,
      "arm_r2": "CtN",
      "diam": 0.25,
      "e_diam": 0.08,
      "mass": 509.46,
      "e_mass": 466.94,
      "blum": 9723.95,
      "e_blum": 6252.56,
      "lmrat": 19.09,
      "e_lmrat": 21.37,
      "temp": 21.0,
      "e_temp": 0.4,
      "lrat": 128.9,
      "e_lrat": 25.78,
      "tbol": 63.95,
      "e_tbol": 12.79,
      "sigma": 2.16,
      "e_sigma": 1.98,
      "glon": 340.23538,
      "glat": -0.36763,
      "mwpr": 0.00409,
      "e_glon": 0.00067,
      "e_glat": 0.00061,
      "e_mwpr": 0.00161,
      "hrate": 0.72,
      "f8": 3.3782,
      "e_f8": 0.2138,
      "f12": 1.4681,
      "e_f12": 0.4243,
      "f24": 16.9418,
      "e_f24": 0.1823,
      "f70": 138.9869,
      "e_f70": 0.347,
      "n8": 5,
      "n12": 5,
      "n24": 5,
      "n70": 5,
      "f_sat": "0000",
      "f_multi": 0,
      "f_nosrc": "0000",
      "f_pconf": "0000",
      "f_cext": 0,
      "vlsr": -52.75,
      "e_vlsr": 0.13,
      "stype": "SP",
      "vlsr_g": null,
      "vlsr_s": -52.75,
      "vlsr_f": null,
      "vlsr_t": null,
      "vlsr_dht": null,
      "vlsr_dgt": null,
      "dgt": null,
      "vlsr_c": -52.6,
      "vlsr_m": -52.56,
      "e_vlsr_m": 0.37,
      "higal": "HIGALBM340.2377-0.3680",
      "agal": "G340.2380-0.3692",
      "corn": null,
      "corn_t": null,
      "rms": "G340.2359-00.3674",
      "rms_t": "HII region",
      "wise": "G340.234-00.368",
      "wise_t": "Q"
    }
  ]
}
