{
  "Sources": [
    {
      "source": "YB5405",
      "yb_number": 5405,
      "reference": "WolfChase25",
      "dist": 2.94,
      "e_dist": 0.22,
      "dist_c": 3.63,
      "dist_m": 3.63,
      "e_dist_m": 0.35,
      "stat_m": "SDIST_EXT",
      "pfar": 0.0,
      "dist_r1": 2.94,
      "e_dist_r1": 0.22,
      "pint_r1": 0.45,
      "arm_r1": "CtN",
      "dist_r2": 4.21,
      "e_dist_r2": 1.2,
      "pint_r2": 0.4,
      "arm_r2": "N4N",
      "diam": 0.19,
      "e_diam": 0.01,
      "mass": 242.25,
      "e_mass": 235.93,
      "blum": 5664.99,
      "e_blum": 1415.09,
      "lmrat": 23.39,
      "e_lmrat": 23.51,
      "temp": 21.5,
      "e_temp": 0.4,
      "lrat": 148.6,
      "e_lrat": 29.72,
      "tbol": 51.82,
      "e_tbol": 10.36,
      "sigma": 1.74,
      "e_sigma": 1.69,
      "glon": 339.94234,
      "glat": -0.09309,
      "mwpr": 0.00387,
      "e_glon": 0.00057,
      "e_glat": 0.00047,
      "e_mwpr": 0.001,
      "hrate": 0.61,
      "f8": 5.9674,
      "e_f8": 0.1136,
      "f12": 1.4908,
      "e_f12": 0.2258,
      "f24": 13.7284,
      "e_f24": 0.0801,
      "f70": 179.6025,
      "e_f70": 0.1076,
      "n8": 5,
      "n12": 5,
      "n24": 5,
      "n70": 5,
      "f_sat": "0000",
      "f_multi": 0,
      "f_nosrc": "0000",
      "f_pconf": "0000",
      "f_cext": 0,
      "vlsr": -51.75,
      "e_vlsr": 0.13,
      "stype": "SP",
      "vlsr_g": null,
      "vlsr_s": -51.75,
      "vlsr_f": null,
      "vlsr_t": null,
      "vlsr_dht": null,
      "vlsr_dgt": null,
      "dgt": null,
      "vlsr_c": -51.8,
      "vlsr_m": -51.8,
      "e_vlsr_m": 0.11,
      "higal": "HIGALBM339.9423-0.0936",
      "agal": "G339.9432-0.0928",
      "corn": "G339.9430-0.0935",
      "corn_t": "UCHII Region",
      "rms": null,
      "rms_t": null,
      "wise": "G339.943-00.093",
      "wise_t": "C"
    }
  ]
}
