{
  "Sources": [
    {
      "source": "YB5422",
      "yb_number": 5422,
      "reference": "WolfChase25",
      "dist": 10.94,
      "e_dist": 1.34,
      "dist_c": 11.99,
      "dist_m": 12.17,
      "e_dist_m": 0.36,
      "stat_m": "SDIST_EXT",
      "pfar": 1.0,
      "dist_r1": 10.94,
      "e_dist_r1": 1.34,
      "pint_r1": 1.0,
      "arm_r1": null,
      "dist_r2": 0.0,
      "e_dist_r2": 0.0,
      "pint_r2": 0.0,
      "arm_r2": null,
      "diam": 0.83,
      "e_diam": 0.1,
      "mass": 11356.11,
      "e_mass": 2956.3,
      "blum": 275274.59,
      "e_blum": 67434.72,
      "lmrat": 24.24,
      "e_lmrat": 8.67,
      "temp": 23.1,
      "e_temp": 0.5,
      "lrat": 142.9,
      "e_lrat": 28.58,
      "tbol": 54.41,
      "e_tbol": 10.88,
      "sigma": 4.35,
      "e_sigma": 1.13,
      "glon": 340.24772,
      "glat": -0.37243,
      "mwpr": 0.00358,
      "e_glon": 0.00051,
      "e_glat": 0.00048,
      "e_mwpr": 0.00128,
      "hrate": 0.19,
      "f8": 6.2535,
      "e_f8": 0.0583,
      "f12": 1.4748,
      "e_f12": 0.3205,
      "f24": null,
      "e_f24": null,
      "f70": 735.8886,
      "e_f70": 0.0764,
      "n8": 5,
      "n12": 5,
      "n24": 0,
      "n70": 5,
      "f_sat": "0010",
      "f_multi": 1,
      "f_nosrc": "0000",
      "f_pconf": "0000",
      "f_cext": 0,
      "vlsr": -52.75,
      "e_vlsr": 0.13,
      "stype": "SP",
      "vlsr_g": null,
      "vlsr_s": -52.75,
      "vlsr_f": null,
      "vlsr_t": null,
      "vlsr_dht": null,
      "vlsr_dgt": null,
      "dgt": null,
      "vlsr_c": -52.9,
      "vlsr_m": -49.12,
      "e_vlsr_m": 0.04,
      "higal": "HIGALBM340.2488-0.3715",
      "agal": "G340.2474-0.3747",
      "corn": "G340.2490-0.3717",
      "corn_t": "UCHII Region",
      "rms": "G340.2480-00.3725",
      "rms_t": "HII region",
      "wise": "G340.247-00.373",
      "wise_t": "C"
    }
  ]
}
