{
  "Sources": [
    {
      "source": "YB5535",
      "yb_number": 5535,
      "reference": "WolfChase25",
      "dist": 12.74,
      "e_dist": 0.3,
      "dist_c": 12.69,
      "dist_m": 12.69,
      "e_dist_m": 0.42,
      "stat_m": "SDIST_EXT",
      "pfar": 1.0,
      "dist_r1": 12.74,
      "e_dist_r1": 0.3,
      "pint_r1": 0.65,
      "arm_r1": "N4F",
      "dist_r2": 11.06,
      "e_dist_r2": 0.36,
      "pint_r2": 0.32,
      "arm_r2": "Per",
      "diam": 0.94,
      "e_diam": 0.02,
      "mass": 12642.24,
      "e_mass": 596.82,
      "blum": 533209.2,
      "e_blum": 25111.89,
      "lmrat": 42.18,
      "e_lmrat": 2.81,
      "temp": 28.8,
      "e_temp": 0.4,
      "lrat": 166.3,
      "e_lrat": 33.26,
      "tbol": 52.14,
      "e_tbol": 10.43,
      "sigma": 3.79,
      "e_sigma": 0.18,
      "glon": 342.70112,
      "glat": 0.12557,
      "mwpr": 0.00206,
      "e_glon": 0.00045,
      "e_glat": 0.00041,
      "e_mwpr": 0.00023,
      "hrate": 0.15,
      "f8": 2.1937,
      "e_f8": 1.1406,
      "f12": 0.3886,
      "e_f12": 1.1832,
      "f24": null,
      "e_f24": null,
      "f70": 142.4558,
      "e_f70": 2.578,
      "n8": 5,
      "n12": 5,
      "n24": 0,
      "n70": 5,
      "f_sat": "0010",
      "f_multi": 0,
      "f_nosrc": "0000",
      "f_pconf": "1010",
      "f_cext": 0,
      "vlsr": -40.25,
      "e_vlsr": 0.13,
      "stype": "SP",
      "vlsr_g": null,
      "vlsr_s": -40.25,
      "vlsr_f": null,
      "vlsr_t": null,
      "vlsr_dht": null,
      "vlsr_dgt": null,
      "dgt": null,
      "vlsr_c": -39.6,
      "vlsr_m": -39.62,
      "e_vlsr_m": 0.03,
      "higal": "HIGALBM342.7076+0.1257",
      "agal": "G342.7069+0.1256",
      "corn": "G342.7070+0.1261",
      "corn_t": "HII Region",
      "rms": "G342.7057+00.1260B",
      "rms_t": "YSO",
      "wise": "G342.705+00.126",
      "wise_t": "C"
    }
  ]
}
