{
  "Sources": [
    {
      "source": "YB5522",
      "yb_number": 5522,
      "reference": "WolfChase25",
      "dist": 2.0,
      "e_dist": 0.4,
      "dist_c": 11.43,
      "dist_m": 2.0,
      "e_dist_m": 0.4,
      "stat_m": "SDIST_GROUP",
      "pfar": 0.5,
      "dist_r1": 12.84,
      "e_dist_r1": 0.34,
      "pint_r1": 0.67,
      "arm_r1": "N4F",
      "dist_r2": 2.58,
      "e_dist_r2": 0.3,
      "pint_r2": 0.33,
      "arm_r2": "CtN",
      "diam": 0.32,
      "e_diam": 0.06,
      "mass": 182.42,
      "e_mass": 73.31,
      "blum": 713.75,
      "e_blum": 285.5,
      "lmrat": 3.91,
      "e_lmrat": 2.22,
      "temp": 11.6,
      "e_temp": 0.4,
      "lrat": 106.1,
      "e_lrat": 21.22,
      "tbol": 67.45,
      "e_tbol": 13.49,
      "sigma": 0.47,
      "e_sigma": 0.19,
      "glon": 342.3877,
      "glat": 0.07553,
      "mwpr": 0.00247,
      "e_glon": 0.00052,
      "e_glat": 0.0004,
      "e_mwpr": 0.00171,
      "hrate": 0.26,
      "f8": 0.818,
      "e_f8": 0.2984,
      "f12": 0.6268,
      "e_f12": 0.3937,
      "f24": 8.0011,
      "e_f24": 0.1947,
      "f70": 20.9721,
      "e_f70": 0.2446,
      "n8": 5,
      "n12": 5,
      "n24": 5,
      "n70": 5,
      "f_sat": "0000",
      "f_multi": 0,
      "f_nosrc": "0000",
      "f_pconf": "0001",
      "f_cext": 0,
      "vlsr": -32.5,
      "e_vlsr": 0.1,
      "stype": "MP:1",
      "vlsr_g": null,
      "vlsr_s": -31.0,
      "vlsr_f": null,
      "vlsr_t": null,
      "vlsr_dht": null,
      "vlsr_dgt": -32.5,
      "dgt": "SPLASH_1720",
      "vlsr_c": -66.2,
      "vlsr_m": -31.67,
      "e_vlsr_m": 0.09,
      "higal": "HIGALBM342.3876+0.0755",
      "agal": "CSC342.388+00.082",
      "corn": "G342.3880+0.0755",
      "corn_t": "HII Region",
      "rms": "G342.3877+00.0742",
      "rms_t": "HII region",
      "wise": "G342.388+00.074",
      "wise_t": "C"
    }
  ]
}
