{
  "Sources": [
    {
      "source": "YB5516",
      "yb_number": 5516,
      "reference": "WolfChase25",
      "dist": 5.57,
      "e_dist": 0.34,
      "dist_c": 9.65,
      "dist_m": 9.65,
      "e_dist_m": 0.22,
      "stat_m": "SDIST_EXT",
      "pfar": 1.0,
      "dist_r1": 5.57,
      "e_dist_r1": 0.34,
      "pint_r1": 0.67,
      "arm_r1": "3kN",
      "dist_r2": 9.41,
      "e_dist_r2": 0.33,
      "pint_r2": 0.33,
      "arm_r2": "3kN",
      "diam": 0.44,
      "e_diam": 0.03,
      "mass": 3228.28,
      "e_mass": 395.09,
      "blum": 15224.08,
      "e_blum": 1858.6,
      "lmrat": 4.72,
      "e_lmrat": 0.82,
      "temp": 15.0,
      "e_temp": 1.9,
      "lrat": 70.6,
      "e_lrat": 14.12,
      "tbol": 50.17,
      "e_tbol": 10.03,
      "sigma": 4.5,
      "e_sigma": 0.55,
      "glon": 342.24709,
      "glat": 0.30567,
      "mwpr": 0.00559,
      "e_glon": 0.00149,
      "e_glat": 0.00079,
      "e_mwpr": 0.00176,
      "hrate": 0.59,
      "f8": 9.2571,
      "e_f8": 0.1959,
      "f12": 2.573,
      "e_f12": 0.3017,
      "f24": 13.1564,
      "e_f24": 0.2278,
      "f70": 266.5322,
      "e_f70": 0.1879,
      "n8": 5,
      "n12": 5,
      "n24": 5,
      "n70": 5,
      "f_sat": "0000",
      "f_multi": 1,
      "f_nosrc": "0000",
      "f_pconf": "0000",
      "f_cext": 0,
      "vlsr": -119.0,
      "e_vlsr": 0.13,
      "stype": "SP",
      "vlsr_g": null,
      "vlsr_s": -119.0,
      "vlsr_f": null,
      "vlsr_t": null,
      "vlsr_dht": null,
      "vlsr_dgt": null,
      "dgt": null,
      "vlsr_c": -118.8,
      "vlsr_m": -118.8,
      "e_vlsr_m": 0.08,
      "higal": "HIGALBM342.2497+0.3086",
      "agal": "G342.2472+0.3065",
      "corn": "G342.2500+0.3080",
      "corn_t": "UCHII Region",
      "rms": null,
      "rms_t": null,
      "wise": "G342.248+00.305",
      "wise_t": "G"
    }
  ]
}
