{
  "Sources": [
    {
      "source": "YB5668",
      "yb_number": 5668,
      "reference": "WolfChase25",
      "dist": 10.04,
      "e_dist": 0.27,
      "dist_c": 6.33,
      "dist_m": 6.33,
      "e_dist_m": 0.18,
      "stat_m": "HISA_DIST",
      "pfar": 0.0,
      "dist_r1": 10.04,
      "e_dist_r1": 0.27,
      "pint_r1": 0.51,
      "arm_r1": "3kN",
      "dist_r2": 8.13,
      "e_dist_r2": 2.11,
      "pint_r2": 0.26,
      "arm_r2": null,
      "diam": 1.19,
      "e_diam": 0.03,
      "mass": 1747.16,
      "e_mass": 1516.11,
      "blum": 41610.8,
      "e_blum": 8617.84,
      "lmrat": 23.82,
      "e_lmrat": 21.25,
      "temp": 18.0,
      "e_temp": 0.7,
      "lrat": 211.5,
      "e_lrat": 42.3,
      "tbol": 53.35,
      "e_tbol": 10.67,
      "sigma": 0.33,
      "e_sigma": 0.29,
      "glon": 345.84791,
      "glat": 0.01929,
      "mwpr": 0.00424,
      "e_glon": 0.0009,
      "e_glat": 0.00058,
      "e_mwpr": 0.00165,
      "hrate": 0.58,
      "f8": 3.7146,
      "e_f8": 0.2015,
      "f12": 1.1214,
      "e_f12": 0.1763,
      "f24": 4.2653,
      "e_f24": 0.0651,
      "f70": 100.9791,
      "e_f70": 0.0716,
      "n8": 5,
      "n12": 5,
      "n24": 5,
      "n70": 5,
      "f_sat": "0000",
      "f_multi": 0,
      "f_nosrc": "0000",
      "f_pconf": "0000",
      "f_cext": 0,
      "vlsr": -114.5,
      "e_vlsr": 0.13,
      "stype": "SP",
      "vlsr_g": null,
      "vlsr_s": -114.5,
      "vlsr_f": null,
      "vlsr_t": null,
      "vlsr_dht": null,
      "vlsr_dgt": null,
      "dgt": null,
      "vlsr_c": -114.8,
      "vlsr_m": -114.75,
      "e_vlsr_m": 0.07,
      "higal": "HIGALBM345.8470+0.0200",
      "agal": "G345.8484+0.0207",
      "corn": null,
      "corn_t": null,
      "rms": null,
      "rms_t": null,
      "wise": "G345.849+00.020",
      "wise_t": "Q"
    }
  ]
}
