{
  "Sources": [
    {
      "source": "YB5655",
      "yb_number": 5655,
      "reference": "WolfChase25",
      "dist": 1.3,
      "e_dist": 0.11,
      "dist_c": 0.35,
      "dist_m": 0.35,
      "e_dist_m": 8.66,
      "stat_m": "SDIST_EXT",
      "pfar": 0.0,
      "dist_r1": 1.3,
      "e_dist_r1": 0.11,
      "pint_r1": 0.94,
      "arm_r1": "CrN",
      "dist_r2": 2.77,
      "e_dist_r2": 0.33,
      "pint_r2": 0.06,
      "arm_r2": "CtN",
      "diam": 0.19,
      "e_diam": 0.02,
      "mass": 107.61,
      "e_mass": 27373.87,
      "blum": 979.51,
      "e_blum": 256.62,
      "lmrat": 9.1,
      "e_lmrat": 2315.55,
      "temp": 14.6,
      "e_temp": 0.4,
      "lrat": 134.6,
      "e_lrat": 26.92,
      "tbol": 54.92,
      "e_tbol": 10.98,
      "sigma": 0.97,
      "e_sigma": 246.75,
      "glon": 345.528,
      "glat": -0.05092,
      "mwpr": 0.0037,
      "e_glon": 0.00052,
      "e_glat": 0.00044,
      "e_mwpr": 0.0022,
      "hrate": 0.7,
      "f8": 2.0372,
      "e_f8": 0.5227,
      "f12": 1.1216,
      "e_f12": 0.367,
      "f24": 10.6928,
      "e_f24": 0.1533,
      "f70": 113.0658,
      "e_f70": 0.2329,
      "n8": 5,
      "n12": 5,
      "n24": 5,
      "n70": 5,
      "f_sat": "0000",
      "f_multi": 0,
      "f_nosrc": "0000",
      "f_pconf": "0000",
      "f_cext": 0,
      "vlsr": -4.5,
      "e_vlsr": 0.13,
      "stype": "SP",
      "vlsr_g": null,
      "vlsr_s": -4.5,
      "vlsr_f": null,
      "vlsr_t": null,
      "vlsr_dht": null,
      "vlsr_dgt": null,
      "dgt": null,
      "vlsr_c": -2.6,
      "vlsr_m": -2.57,
      "e_vlsr_m": 0.24,
      "higal": "HIGALBM345.5275-0.0515",
      "agal": "G345.5264-0.0527",
      "corn": "G345.5270-0.0512",
      "corn_t": "HII Region",
      "rms": "G345.5285-00.0508",
      "rms_t": "HII region",
      "wise": "G345.529-00.049",
      "wise_t": "G"
    }
  ]
}
