{
  "Sources": [
    {
      "source": "YB5703",
      "yb_number": 5703,
      "reference": "WolfChase25",
      "dist": 17.03,
      "e_dist": 0.43,
      "dist_c": 16.62,
      "dist_m": 16.58,
      "e_dist_m": 1.28,
      "stat_m": "NO_AMB",
      "pfar": 0.0,
      "dist_r1": 17.03,
      "e_dist_r1": 0.43,
      "pint_r1": 0.68,
      "arm_r1": "CtF",
      "dist_r2": 1.31,
      "e_dist_r2": 0.12,
      "pint_r2": 0.28,
      "arm_r2": "CrN",
      "diam": 1.44,
      "e_diam": 0.04,
      "mass": 17169.67,
      "e_mass": 930.75,
      "blum": 283434.48,
      "e_blum": 14313.19,
      "lmrat": 16.51,
      "e_lmrat": 1.22,
      "temp": 18.3,
      "e_temp": 0.2,
      "lrat": 148.5,
      "e_lrat": 29.7,
      "tbol": 58.56,
      "e_tbol": 11.71,
      "sigma": 2.18,
      "e_sigma": 0.12,
      "glon": 346.52297,
      "glat": 0.08363,
      "mwpr": 0.00442,
      "e_glon": 0.00137,
      "e_glat": 0.00096,
      "e_mwpr": 0.00152,
      "hrate": 0.39,
      "f8": 2.0472,
      "e_f8": 0.7482,
      "f12": 1.6268,
      "e_f12": 0.4085,
      "f24": null,
      "e_f24": null,
      "f70": 361.1102,
      "e_f70": 0.2397,
      "n8": 5,
      "n12": 5,
      "n24": 0,
      "n70": 5,
      "f_sat": "0010",
      "f_multi": 1,
      "f_nosrc": "0000",
      "f_pconf": "0000",
      "f_cext": 0,
      "vlsr": 3.0,
      "e_vlsr": 0.13,
      "stype": "SP",
      "vlsr_g": null,
      "vlsr_s": 3.0,
      "vlsr_f": null,
      "vlsr_t": null,
      "vlsr_dht": null,
      "vlsr_dgt": null,
      "dgt": null,
      "vlsr_c": 2.6,
      "vlsr_m": 2.34,
      "e_vlsr_m": 0.09,
      "higal": "HIGALBM346.5221+0.0851",
      "agal": "G346.5220+0.0834",
      "corn": "G346.5220+0.0844",
      "corn_t": "HII Region",
      "rms": "G346.5235+00.0839",
      "rms_t": "HII region",
      "wise": "G346.521+00.086",
      "wise_t": "K"
    }
  ]
}
