{
  "Sources": [
    {
      "source": "YB5739",
      "yb_number": 5739,
      "reference": "WolfChase25",
      "dist": 15.31,
      "e_dist": 1.63,
      "dist_c": 5.93,
      "dist_m": 15.46,
      "e_dist_m": 1.08,
      "stat_m": "KDIST_IRDC",
      "pfar": 1.0,
      "dist_r1": 15.31,
      "e_dist_r1": 1.63,
      "pint_r1": 0.34,
      "arm_r1": null,
      "dist_r2": 13.9,
      "e_dist_r2": 0.35,
      "pint_r2": 0.2,
      "arm_r2": "N4F",
      "diam": 0.52,
      "e_diam": 0.05,
      "mass": 931.85,
      "e_mass": 211.31,
      "blum": 37100.88,
      "e_blum": 7899.99,
      "lmrat": 39.81,
      "e_lmrat": 12.38,
      "temp": 23.3,
      "e_temp": 0.2,
      "lrat": 213.5,
      "e_lrat": 42.7,
      "tbol": 53.45,
      "e_tbol": 10.69,
      "sigma": 0.94,
      "e_sigma": 0.21,
      "glon": 347.89394,
      "glat": -0.17094,
      "mwpr": 0.00475,
      "e_glon": 0.00033,
      "e_glat": 0.00069,
      "e_mwpr": 0.00147,
      "hrate": 0.38,
      "f8": 0.6457,
      "e_f8": 0.4524,
      "f12": 0.5565,
      "e_f12": 0.0817,
      "f24": 4.4255,
      "e_f24": 0.0704,
      "f70": 60.0395,
      "e_f70": 0.0529,
      "n8": 5,
      "n12": 5,
      "n24": 5,
      "n70": 5,
      "f_sat": "0000",
      "f_multi": 0,
      "f_nosrc": "0000",
      "f_pconf": "0000",
      "f_cext": 0,
      "vlsr": -5.5,
      "e_vlsr": 0.13,
      "stype": "LSNR",
      "vlsr_g": null,
      "vlsr_s": -5.5,
      "vlsr_f": null,
      "vlsr_t": null,
      "vlsr_dht": null,
      "vlsr_dgt": -5.5,
      "dgt": "SPLASH_1667",
      "vlsr_c": -91.9,
      "vlsr_m": -5.62,
      "e_vlsr_m": 0.12,
      "higal": "HIGALBM347.8946-0.1708",
      "agal": "G347.8944-0.1696",
      "corn": "G347.8940-0.1708",
      "corn_t": "UCHII Region",
      "rms": "G347.8944-00.1713",
      "rms_t": "YSO",
      "wise": null,
      "wise_t": null
    }
  ]
}
