{
  "Sources": [
    {
      "source": "YB5783",
      "yb_number": 5783,
      "reference": "WolfChase25",
      "dist": 17.41,
      "e_dist": 0.44,
      "dist_c": 18.16,
      "dist_m": 18.17,
      "e_dist_m": 2.11,
      "stat_m": "NO_AMB",
      "pfar": 0.0,
      "dist_r1": 17.41,
      "e_dist_r1": 0.44,
      "pint_r1": 0.8,
      "arm_r1": "CtF",
      "dist_r2": 10.37,
      "e_dist_r2": 0.23,
      "pint_r2": 0.2,
      "arm_r2": "3kF",
      "diam": 0.99,
      "e_diam": 0.02,
      "mass": 10216.97,
      "e_mass": 570.35,
      "blum": 479802.75,
      "e_blum": 24251.95,
      "lmrat": 46.96,
      "e_lmrat": 3.54,
      "temp": 26.9,
      "e_temp": 0.4,
      "lrat": 203.4,
      "e_lrat": 40.68,
      "tbol": 51.27,
      "e_tbol": 10.25,
      "sigma": 2.81,
      "e_sigma": 0.16,
      "glon": 348.89222,
      "glat": -0.17796,
      "mwpr": 0.00379,
      "e_glon": 0.00051,
      "e_glat": 0.00064,
      "e_mwpr": 0.00086,
      "hrate": 0.5,
      "f8": 2.4253,
      "e_f8": 0.0547,
      "f12": 1.7841,
      "e_f12": 0.2152,
      "f24": null,
      "e_f24": null,
      "f70": 649.078,
      "e_f70": 0.0968,
      "n8": 5,
      "n12": 5,
      "n24": 0,
      "n70": 5,
      "f_sat": "0010",
      "f_multi": 1,
      "f_nosrc": "0000",
      "f_pconf": "0000",
      "f_cext": 0,
      "vlsr": 8.0,
      "e_vlsr": 0.13,
      "stype": "SP",
      "vlsr_g": null,
      "vlsr_s": 8.0,
      "vlsr_f": null,
      "vlsr_t": null,
      "vlsr_dht": null,
      "vlsr_dgt": null,
      "dgt": null,
      "vlsr_c": 8.4,
      "vlsr_m": 8.43,
      "e_vlsr_m": 0.14,
      "higal": "HIGALBM348.8917-0.1799",
      "agal": "G348.8922-0.1792",
      "corn": "G348.8920-0.1796",
      "corn_t": "UCHII Region",
      "rms": "G348.8922-00.1787",
      "rms_t": "HII region",
      "wise": "G348.892-00.179",
      "wise_t": "K"
    }
  ]
}
