{
  "Sources": [
    {
      "source": "YB5791",
      "yb_number": 5791,
      "reference": "WolfChase25",
      "dist": 10.36,
      "e_dist": 0.25,
      "dist_c": 10.67,
      "dist_m": 10.67,
      "e_dist_m": 0.22,
      "stat_m": "SDIST_EXT",
      "pfar": 1.0,
      "dist_r1": 10.36,
      "e_dist_r1": 0.25,
      "pint_r1": 0.79,
      "arm_r1": "3kN",
      "dist_r2": 9.96,
      "e_dist_r2": 1.4,
      "pint_r2": 0.21,
      "arm_r2": "3kN",
      "diam": 0.91,
      "e_diam": 0.02,
      "mass": 950.0,
      "e_mass": 130.06,
      "blum": 15393.3,
      "e_blum": 742.92,
      "lmrat": 16.2,
      "e_lmrat": 2.35,
      "temp": 20.8,
      "e_temp": 0.7,
      "lrat": 106.9,
      "e_lrat": 21.38,
      "tbol": 47.93,
      "e_tbol": 9.59,
      "sigma": 0.3,
      "e_sigma": 0.04,
      "glon": 349.06357,
      "glat": 0.10749,
      "mwpr": 0.00348,
      "e_glon": 0.00068,
      "e_glat": 0.00037,
      "e_mwpr": 0.00129,
      "hrate": 0.2,
      "f8": 0.6347,
      "e_f8": 0.3784,
      "f12": 0.2575,
      "e_f12": 0.3094,
      "f24": 3.0726,
      "e_f24": 0.2492,
      "f70": 25.0175,
      "e_f70": 0.0812,
      "n8": 5,
      "n12": 5,
      "n24": 5,
      "n70": 5,
      "f_sat": "0000",
      "f_multi": 1,
      "f_nosrc": "0000",
      "f_pconf": "0000",
      "f_cext": 0,
      "vlsr": -78.0,
      "e_vlsr": 0.13,
      "stype": "SP",
      "vlsr_g": null,
      "vlsr_s": -78.0,
      "vlsr_f": null,
      "vlsr_t": null,
      "vlsr_dht": null,
      "vlsr_dgt": null,
      "dgt": null,
      "vlsr_c": -78.5,
      "vlsr_m": -78.5,
      "e_vlsr_m": 0.23,
      "higal": "HIGALBM349.0644+0.1093",
      "agal": "G349.0653+0.1108",
      "corn": "G349.0650+0.1087",
      "corn_t": "UCHII Region",
      "rms": "G349.0631+00.1078",
      "rms_t": "HII region",
      "wise": "G349.062+00.105",
      "wise_t": "Q"
    }
  ]
}
