{
  "Sources": [
    {
      "source": "YB5797",
      "yb_number": 5797,
      "reference": "WolfChase25",
      "dist": 10.4,
      "e_dist": 0.25,
      "dist_c": 19.28,
      "dist_m": 19.28,
      "e_dist_m": 2.69,
      "stat_m": "NO_AMB",
      "pfar": 0.0,
      "dist_r1": 10.4,
      "e_dist_r1": 0.25,
      "pint_r1": 0.67,
      "arm_r1": "3kF",
      "dist_r2": 17.52,
      "e_dist_r2": 0.46,
      "pint_r2": 0.33,
      "arm_r2": "CtF",
      "diam": 0.9,
      "e_diam": 0.02,
      "mass": 644.16,
      "e_mass": 466.35,
      "blum": 12910.62,
      "e_blum": 620.7,
      "lmrat": 20.04,
      "e_lmrat": 14.54,
      "temp": 19.6,
      "e_temp": 2.0,
      "lrat": 149.4,
      "e_lrat": 29.88,
      "tbol": 54.26,
      "e_tbol": 10.85,
      "sigma": 0.21,
      "e_sigma": 0.15,
      "glon": 349.32807,
      "glat": 0.02213,
      "mwpr": 0.00573,
      "e_glon": 0.00067,
      "e_glat": 0.00045,
      "e_mwpr": 0.00178,
      "hrate": 0.17,
      "f8": 1.1118,
      "e_f8": 0.9022,
      "f12": 0.8409,
      "e_f12": 0.395,
      "f24": 4.5929,
      "e_f24": 0.2782,
      "f70": 71.995,
      "e_f70": 0.5852,
      "n8": 5,
      "n12": 5,
      "n24": 5,
      "n70": 5,
      "f_sat": "0000",
      "f_multi": 1,
      "f_nosrc": "0000",
      "f_pconf": "0000",
      "f_cext": 0,
      "vlsr": 12.5,
      "e_vlsr": 0.13,
      "stype": "SP",
      "vlsr_g": null,
      "vlsr_s": 12.5,
      "vlsr_f": null,
      "vlsr_t": null,
      "vlsr_dht": null,
      "vlsr_dgt": null,
      "dgt": null,
      "vlsr_c": 11.9,
      "vlsr_m": 11.87,
      "e_vlsr_m": 0.12,
      "higal": "HIGALBM349.3253+0.0184",
      "agal": "G349.3282+0.0213",
      "corn": "G349.3260+0.0211",
      "corn_t": "HII Region",
      "rms": null,
      "rms_t": null,
      "wise": "G349.328+00.020",
      "wise_t": "C"
    }
  ]
}
