{
  "Sources": [
    {
      "source": "YB5826",
      "yb_number": 5826,
      "reference": "WolfChase25",
      "dist": 4.96,
      "e_dist": 0.26,
      "dist_c": 5.41,
      "dist_m": 5.37,
      "e_dist_m": 0.28,
      "stat_m": "SDIST_EXT",
      "pfar": 0.0,
      "dist_r1": 4.96,
      "e_dist_r1": 0.26,
      "pint_r1": 0.56,
      "arm_r1": "3kN",
      "dist_r2": 3.87,
      "e_dist_r2": 0.25,
      "pint_r2": 0.44,
      "arm_r2": "N4N",
      "diam": 0.4,
      "e_diam": 0.02,
      "mass": 1120.55,
      "e_mass": 117.51,
      "blum": 13908.5,
      "e_blum": 1458.15,
      "lmrat": 12.41,
      "e_lmrat": 1.84,
      "temp": 21.8,
      "e_temp": 0.6,
      "lrat": 76.9,
      "e_lrat": 15.38,
      "tbol": 44.32,
      "e_tbol": 8.86,
      "sigma": 1.8,
      "e_sigma": 0.19,
      "glon": 350.17908,
      "glat": 0.01457,
      "mwpr": 0.00312,
      "e_glon": 0.00095,
      "e_glat": 0.00054,
      "e_mwpr": 0.00125,
      "hrate": 0.59,
      "f8": 0.9688,
      "e_f8": 0.2577,
      "f12": 0.5854,
      "e_f12": 0.2197,
      "f24": 9.4495,
      "e_f24": 0.1198,
      "f70": 129.9674,
      "e_f70": 0.2374,
      "n8": 5,
      "n12": 5,
      "n24": 5,
      "n70": 5,
      "f_sat": "0000",
      "f_multi": 0,
      "f_nosrc": "0000",
      "f_pconf": "0000",
      "f_cext": 0,
      "vlsr": -69.25,
      "e_vlsr": 0.13,
      "stype": "MP:1",
      "vlsr_g": null,
      "vlsr_s": -69.25,
      "vlsr_f": null,
      "vlsr_t": null,
      "vlsr_dht": null,
      "vlsr_dgt": null,
      "dgt": null,
      "vlsr_c": -63.7,
      "vlsr_m": -62.78,
      "e_vlsr_m": 0.51,
      "higal": "HIGALBM350.1802+0.0148",
      "agal": "G350.1790+0.0141",
      "corn": "G350.1800+0.0134",
      "corn_t": "HII Region",
      "rms": null,
      "rms_t": null,
      "wise": "G350.180+00.014",
      "wise_t": "Q"
    }
  ]
}
