{
  "Sources": [
    {
      "source": "YB5825",
      "yb_number": 5825,
      "reference": "WolfChase25",
      "dist": 4.97,
      "e_dist": 0.25,
      "dist_c": 5.46,
      "dist_m": 5.51,
      "e_dist_m": 0.26,
      "stat_m": "KDIST_IRDC",
      "pfar": 0.0,
      "dist_r1": 4.97,
      "e_dist_r1": 0.25,
      "pint_r1": 0.6,
      "arm_r1": "3kN",
      "dist_r2": 3.88,
      "e_dist_r2": 0.25,
      "pint_r2": 0.4,
      "arm_r2": "N4N",
      "diam": 0.32,
      "e_diam": 0.02,
      "mass": 526.58,
      "e_mass": 53.1,
      "blum": 8636.34,
      "e_blum": 870.6,
      "lmrat": 16.4,
      "e_lmrat": 2.34,
      "temp": 22.0,
      "e_temp": 0.5,
      "lrat": 99.1,
      "e_lrat": 19.82,
      "tbol": 50.31,
      "e_tbol": 10.06,
      "sigma": 1.41,
      "e_sigma": 0.14,
      "glon": 350.17177,
      "glat": 0.02774,
      "mwpr": 0.00233,
      "e_glon": 0.00024,
      "e_glat": 0.00047,
      "e_mwpr": 0.00065,
      "hrate": 0.43,
      "f8": 1.1309,
      "e_f8": 0.0865,
      "f12": 0.4114,
      "e_f12": 0.1439,
      "f24": 5.4622,
      "e_f24": 0.0783,
      "f70": 82.7071,
      "e_f70": 0.071,
      "n8": 5,
      "n12": 5,
      "n24": 5,
      "n70": 5,
      "f_sat": "0000",
      "f_multi": 0,
      "f_nosrc": "0000",
      "f_pconf": "0000",
      "f_cext": 0,
      "vlsr": -69.25,
      "e_vlsr": 0.1,
      "stype": "MP:1",
      "vlsr_g": null,
      "vlsr_s": -68.0,
      "vlsr_f": null,
      "vlsr_t": null,
      "vlsr_dht": null,
      "vlsr_dgt": -69.25,
      "dgt": "SPLASH_1667",
      "vlsr_c": -65.3,
      "vlsr_m": -66.75,
      "e_vlsr_m": 0.29,
      "higal": "HIGALBM350.1719+0.0283",
      "agal": "G350.1718+0.0288",
      "corn": "G350.1720+0.0283",
      "corn_t": "UCHII Region",
      "rms": null,
      "rms_t": null,
      "wise": "G350.172+00.028",
      "wise_t": "Q"
    }
  ]
}
