{
  "Sources": [
    {
      "source": "YB584",
      "yb_number": 584,
      "reference": "WolfChase25",
      "dist": 13.31,
      "e_dist": 0.28,
      "dist_c": 13.98,
      "dist_m": 13.98,
      "e_dist_m": 0.58,
      "stat_m": "SDIST_EXT",
      "pfar": 1.0,
      "dist_r1": 13.31,
      "e_dist_r1": 0.28,
      "pint_r1": 0.85,
      "arm_r1": "Per",
      "dist_r2": 12.11,
      "e_dist_r2": 0.56,
      "pint_r2": 0.1,
      "arm_r2": "SgF",
      "diam": 1.19,
      "e_diam": 0.03,
      "mass": 2513.66,
      "e_mass": 208.79,
      "blum": 21915.05,
      "e_blum": 922.05,
      "lmrat": 8.72,
      "e_lmrat": 0.81,
      "temp": 17.5,
      "e_temp": 0.2,
      "lrat": 82.4,
      "e_lrat": 16.48,
      "tbol": 48.92,
      "e_tbol": 9.78,
      "sigma": 0.48,
      "e_sigma": 0.04,
      "glon": 17.55488,
      "glat": 0.16416,
      "mwpr": 0.00391,
      "e_glon": 0.00062,
      "e_glat": 0.00086,
      "e_mwpr": 0.00202,
      "hrate": 0.51,
      "f8": 0.6577,
      "e_f8": 0.3768,
      "f12": 0.1647,
      "e_f12": 0.4339,
      "f24": 1.6447,
      "e_f24": 0.3682,
      "f70": 32.6722,
      "e_f70": 0.2761,
      "n8": 5,
      "n12": 5,
      "n24": 5,
      "n70": 5,
      "f_sat": "0000",
      "f_multi": 1,
      "f_nosrc": "0000",
      "f_pconf": "0000",
      "f_cext": 0,
      "vlsr": 20.34,
      "e_vlsr": 0.1,
      "stype": "SP",
      "vlsr_g": 20.34,
      "vlsr_s": 20.0,
      "vlsr_f": null,
      "vlsr_t": null,
      "vlsr_dht": null,
      "vlsr_dgt": null,
      "dgt": null,
      "vlsr_c": 20.0,
      "vlsr_m": 20.08,
      "e_vlsr_m": 0.1,
      "higal": "HIGALBM17.5548+0.1652",
      "agal": "G017.5538+0.1665",
      "corn": "G017.5549+00.1654",
      "corn_t": "UCHII Region",
      "rms": null,
      "rms_t": null,
      "wise": "G017.554+00.166",
      "wise_t": "C"
    }
  ]
}
