{
  "Sources": [
    {
      "source": "YB5807",
      "yb_number": 5807,
      "reference": "WolfChase25",
      "dist": 2.2,
      "e_dist": 0.44,
      "dist_c": 2.2,
      "dist_m": 2.2,
      "e_dist_m": 0.44,
      "stat_m": "SDIST_GROUP",
      "pfar": 0.5,
      "dist_r1": 2.71,
      "e_dist_r1": 0.25,
      "pint_r1": 0.5,
      "arm_r1": "CtN",
      "dist_r2": 3.51,
      "e_dist_r2": 1.35,
      "pint_r2": 0.29,
      "arm_r2": "N4N",
      "diam": 0.21,
      "e_diam": 0.04,
      "mass": 42.2,
      "e_mass": 1731.98,
      "blum": 1093.8,
      "e_blum": 489.16,
      "lmrat": 25.92,
      "e_lmrat": 1063.85,
      "temp": 21.2,
      "e_temp": 0.4,
      "lrat": 163.1,
      "e_lrat": 32.62,
      "tbol": 50.67,
      "e_tbol": 10.13,
      "sigma": 0.24,
      "e_sigma": 9.85,
      "glon": 349.57808,
      "glat": -0.68096,
      "mwpr": 0.00576,
      "e_glon": 0.00062,
      "e_glat": 0.00139,
      "e_mwpr": 0.0016,
      "hrate": 0.48,
      "f8": 2.5275,
      "e_f8": 0.2406,
      "f12": 1.2615,
      "e_f12": 0.4074,
      "f24": 5.8073,
      "e_f24": 0.3009,
      "f70": 63.8056,
      "e_f70": 0.2466,
      "n8": 5,
      "n12": 5,
      "n24": 5,
      "n70": 5,
      "f_sat": "0000",
      "f_multi": 1,
      "f_nosrc": "0000",
      "f_pconf": "0000",
      "f_cext": 0,
      "vlsr": -16.37,
      "e_vlsr": 0.15,
      "stype": "LSNR",
      "vlsr_g": null,
      "vlsr_s": null,
      "vlsr_f": null,
      "vlsr_t": -16.37,
      "vlsr_dht": null,
      "vlsr_dgt": -16.37,
      "dgt": "SPLASH_1720",
      "vlsr_c": -16.2,
      "vlsr_m": -16.89,
      "e_vlsr_m": 0.15,
      "higal": "HIGALBM349.5789-0.6791",
      "agal": "G349.5776-0.6800",
      "corn": null,
      "corn_t": null,
      "rms": "G349.5786-00.6798A",
      "rms_t": "YSO",
      "wise": "G349.578-00.682",
      "wise_t": "K"
    }
  ]
}
