{
  "Sources": [
    {
      "source": "YB598",
      "yb_number": 598,
      "reference": "WolfChase25",
      "dist": 13.35,
      "e_dist": 0.34,
      "dist_c": 14.43,
      "dist_m": 14.49,
      "e_dist_m": 0.65,
      "stat_m": "SDIST_EXT",
      "pfar": 1.0,
      "dist_r1": 13.35,
      "e_dist_r1": 0.34,
      "pint_r1": 0.46,
      "arm_r1": "Per",
      "dist_r2": 15.03,
      "e_dist_r2": 0.51,
      "pint_r2": 0.28,
      "arm_r2": "Out",
      "diam": 0.52,
      "e_diam": 0.01,
      "mass": 517.57,
      "e_mass": 44.72,
      "blum": 46700.27,
      "e_blum": 2378.74,
      "lmrat": 90.23,
      "e_lmrat": 9.05,
      "temp": 28.1,
      "e_temp": 0.7,
      "lrat": 341.4,
      "e_lrat": 68.28,
      "tbol": 53.74,
      "e_tbol": 10.75,
      "sigma": 0.51,
      "e_sigma": 0.04,
      "glon": 17.97948,
      "glat": 0.23338,
      "mwpr": 0.00375,
      "e_glon": 0.00111,
      "e_glat": 0.00059,
      "e_mwpr": 0.00266,
      "hrate": 0.22,
      "f8": 0.474,
      "e_f8": 0.2139,
      "f12": 0.1883,
      "e_f12": 0.2438,
      "f24": 3.8232,
      "e_f24": 0.0923,
      "f70": 94.3288,
      "e_f70": 0.0683,
      "n8": 5,
      "n12": 5,
      "n24": 5,
      "n70": 5,
      "f_sat": "0000",
      "f_multi": 1,
      "f_nosrc": "0000",
      "f_pconf": "0000",
      "f_cext": 0,
      "vlsr": 14.18,
      "e_vlsr": 0.1,
      "stype": "MP:1",
      "vlsr_g": 14.18,
      "vlsr_s": 13.75,
      "vlsr_f": null,
      "vlsr_t": null,
      "vlsr_dht": null,
      "vlsr_dgt": null,
      "dgt": null,
      "vlsr_c": 14.4,
      "vlsr_m": 13.79,
      "e_vlsr_m": 0.08,
      "higal": "HIGALBM17.9782+0.2332",
      "agal": "G017.9781+0.2329",
      "corn": null,
      "corn_t": null,
      "rms": "G017.9789+00.2335A",
      "rms_t": "YSO",
      "wise": null,
      "wise_t": null
    }
  ]
}
