{
  "Sources": [
    {
      "source": "YB646",
      "yb_number": 646,
      "reference": "WolfChase25",
      "dist": 4.98,
      "e_dist": 1.21,
      "dist_c": 10.9,
      "dist_m": 3.63,
      "e_dist_m": 0.36,
      "stat_m": "CLOUD_EXT",
      "pfar": 0.0,
      "dist_r1": 4.98,
      "e_dist_r1": 1.21,
      "pint_r1": 0.98,
      "arm_r1": "N1N",
      "dist_r2": 7.61,
      "e_dist_r2": 0.07,
      "pint_r2": 0.02,
      "arm_r2": null,
      "diam": 0.34,
      "e_diam": 0.08,
      "mass": 390.14,
      "e_mass": 193.12,
      "blum": 13169.41,
      "e_blum": 6399.59,
      "lmrat": 33.76,
      "e_lmrat": 23.42,
      "temp": 25.5,
      "e_temp": 1.0,
      "lrat": 153.0,
      "e_lrat": 30.6,
      "tbol": 48.44,
      "e_tbol": 9.69,
      "sigma": 0.89,
      "e_sigma": 0.44,
      "glon": 18.67116,
      "glat": 0.028,
      "mwpr": 0.0019,
      "e_glon": 0.00045,
      "e_glat": 0.00036,
      "e_mwpr": 0.00042,
      "hrate": 0.33,
      "f8": 0.249,
      "e_f8": 0.8926,
      "f12": 0.025,
      "e_f12": 0.8225,
      "f24": 0.3384,
      "e_f24": 0.2228,
      "f70": 6.9608,
      "e_f70": 0.3381,
      "n8": 5,
      "n12": 5,
      "n24": 5,
      "n70": 5,
      "f_sat": "0000",
      "f_multi": 0,
      "f_nosrc": "0000",
      "f_pconf": "0000",
      "f_cext": 0,
      "vlsr": 80.06,
      "e_vlsr": 0.1,
      "stype": "MP:1",
      "vlsr_g": 80.06,
      "vlsr_s": null,
      "vlsr_f": null,
      "vlsr_t": null,
      "vlsr_dht": null,
      "vlsr_dgt": 80.06,
      "dgt": "THOR_1665",
      "vlsr_c": 79.9,
      "vlsr_m": 49.34,
      "e_vlsr_m": 0.03,
      "higal": "HIGALBM18.6674+0.0257",
      "agal": "G018.6664+0.0257",
      "corn": "G018.6654+00.0294",
      "corn_t": "UCHII Region",
      "rms": null,
      "rms_t": null,
      "wise": "G018.665+00.029",
      "wise_t": "C"
    }
  ]
}
