{
  "Sources": [
    {
      "source": "YB653",
      "yb_number": 653,
      "reference": "WolfChase25",
      "dist": 13.27,
      "e_dist": 0.28,
      "dist_c": 13.88,
      "dist_m": 14.04,
      "e_dist_m": 0.74,
      "stat_m": "SDIST_EXT",
      "pfar": 1.0,
      "dist_r1": 13.27,
      "e_dist_r1": 0.28,
      "pint_r1": 0.71,
      "arm_r1": "Per",
      "dist_r2": 1.5,
      "e_dist_r2": 0.04,
      "pint_r2": 0.18,
      "arm_r2": "SgN",
      "diam": 1.46,
      "e_diam": 0.03,
      "mass": 14276.59,
      "e_mass": 672.75,
      "blum": 132975.58,
      "e_blum": 5611.63,
      "lmrat": 9.31,
      "e_lmrat": 0.59,
      "temp": 14.7,
      "e_temp": 0.0,
      "lrat": 137.9,
      "e_lrat": 27.58,
      "tbol": 51.78,
      "e_tbol": 10.36,
      "sigma": 1.79,
      "e_sigma": 0.08,
      "glon": 18.76108,
      "glat": 0.26331,
      "mwpr": 0.00283,
      "e_glon": 0.0005,
      "e_glat": 0.00025,
      "e_mwpr": 0.00187,
      "hrate": 0.2,
      "f8": 1.0322,
      "e_f8": 0.1256,
      "f12": 0.1441,
      "e_f12": 0.2464,
      "f24": 3.0454,
      "e_f24": 0.2421,
      "f70": 85.3494,
      "e_f70": 0.1862,
      "n8": 5,
      "n12": 5,
      "n24": 5,
      "n70": 5,
      "f_sat": "0000",
      "f_multi": 0,
      "f_nosrc": "0000",
      "f_pconf": "0100",
      "f_cext": 0,
      "vlsr": 19.7,
      "e_vlsr": 0.1,
      "stype": "SP",
      "vlsr_g": 19.7,
      "vlsr_s": null,
      "vlsr_f": null,
      "vlsr_t": null,
      "vlsr_dht": null,
      "vlsr_dgt": null,
      "dgt": null,
      "vlsr_c": 21.0,
      "vlsr_m": 18.98,
      "e_vlsr_m": 5.45,
      "higal": "HIGALBM18.7612+0.2634",
      "agal": "G018.7605+0.2610",
      "corn": "G018.7612+00.2630",
      "corn_t": "UCHII Region",
      "rms": "G018.7621+00.2634",
      "rms_t": "HII region",
      "wise": "G018.761+00.262",
      "wise_t": "G"
    }
  ]
}
