{
  "Sources": [
    {
      "source": "YB703",
      "yb_number": 703,
      "reference": "WolfChase25",
      "dist": 13.24,
      "e_dist": 0.28,
      "dist_c": 13.96,
      "dist_m": 13.96,
      "e_dist_m": 0.55,
      "stat_m": "SDIST_EXT",
      "pfar": 1.0,
      "dist_r1": 13.24,
      "e_dist_r1": 0.28,
      "pint_r1": 0.85,
      "arm_r1": "Per",
      "dist_r2": 1.81,
      "e_dist_r2": 0.16,
      "pint_r2": 0.08,
      "arm_r2": "SgN",
      "diam": 1.89,
      "e_diam": 0.04,
      "mass": 2928.8,
      "e_mass": 2985.79,
      "blum": 41904.13,
      "e_blum": 8566.19,
      "lmrat": 14.31,
      "e_lmrat": 14.88,
      "temp": 20.1,
      "e_temp": 1.2,
      "lrat": 99.9,
      "e_lrat": 19.98,
      "tbol": 49.25,
      "e_tbol": 9.85,
      "sigma": 0.22,
      "e_sigma": 0.22,
      "glon": 19.74128,
      "glat": 0.28019,
      "mwpr": 0.00488,
      "e_glon": 0.00081,
      "e_glat": 0.00077,
      "e_mwpr": 0.00134,
      "hrate": 0.77,
      "f8": 3.1971,
      "e_f8": 0.2338,
      "f12": 1.6974,
      "e_f12": 0.165,
      "f24": 9.6832,
      "e_f24": 0.0623,
      "f70": 141.7892,
      "e_f70": 0.1631,
      "n8": 6,
      "n12": 6,
      "n24": 6,
      "n70": 6,
      "f_sat": "0000",
      "f_multi": 0,
      "f_nosrc": "0000",
      "f_pconf": "0000",
      "f_cext": 0,
      "vlsr": 19.28,
      "e_vlsr": 0.1,
      "stype": "SP",
      "vlsr_g": 19.28,
      "vlsr_s": null,
      "vlsr_f": null,
      "vlsr_t": null,
      "vlsr_dht": null,
      "vlsr_dgt": null,
      "dgt": null,
      "vlsr_c": 19.5,
      "vlsr_m": 19.53,
      "e_vlsr_m": 0.04,
      "higal": "HIGALBM19.7391+0.2819",
      "agal": "G019.7399+0.2796",
      "corn": "G019.7407+00.2821",
      "corn_t": "HII Region",
      "rms": null,
      "rms_t": null,
      "wise": "G019.741+00.280",
      "wise_t": "K"
    }
  ]
}
