{
  "Sources": [
    {
      "source": "YB723",
      "yb_number": 723,
      "reference": "WolfChase25",
      "dist": 15.08,
      "e_dist": 0.34,
      "dist_c": 3.59,
      "dist_m": 14.99,
      "e_dist_m": 0.69,
      "stat_m": "NO_KDA",
      "pfar": 0.5,
      "dist_r1": 15.08,
      "e_dist_r1": 0.34,
      "pint_r1": 0.86,
      "arm_r1": "Out",
      "dist_r2": 0.17,
      "e_dist_r2": 0.13,
      "pint_r2": 0.08,
      "arm_r2": "AqR",
      "diam": 0.8,
      "e_diam": 0.02,
      "mass": 6401.49,
      "e_mass": 3459.83,
      "blum": 72129.69,
      "e_blum": 3252.53,
      "lmrat": 11.27,
      "e_lmrat": 6.11,
      "temp": 21.5,
      "e_temp": 0.2,
      "lrat": 73.8,
      "e_lrat": 14.76,
      "tbol": 42.75,
      "e_tbol": 8.55,
      "sigma": 2.71,
      "e_sigma": 1.46,
      "glon": 20.36213,
      "glat": -0.01381,
      "mwpr": 0.00252,
      "e_glon": 0.00023,
      "e_glat": 0.00018,
      "e_mwpr": 0.00057,
      "hrate": 0.2,
      "f8": 0.2737,
      "e_f8": 0.1481,
      "f12": 0.1004,
      "e_f12": 0.4217,
      "f24": 2.7901,
      "e_f24": 0.103,
      "f70": 72.3224,
      "e_f70": 0.1336,
      "n8": 6,
      "n12": 6,
      "n24": 6,
      "n70": 6,
      "f_sat": "0000",
      "f_multi": 0,
      "f_nosrc": "0000",
      "f_pconf": "0000",
      "f_cext": 0,
      "vlsr": 6.52,
      "e_vlsr": 0.1,
      "stype": "MP:1",
      "vlsr_g": 6.52,
      "vlsr_s": null,
      "vlsr_f": null,
      "vlsr_t": null,
      "vlsr_dht": null,
      "vlsr_dgt": 6.52,
      "dgt": "THOR_1612",
      "vlsr_c": 51.4,
      "vlsr_m": 6.59,
      "e_vlsr_m": 0.03,
      "higal": "HIGALBM20.3633-0.0128",
      "agal": "G020.3623-0.0132",
      "corn": "G020.3633-00.0136",
      "corn_t": "UCHII Region",
      "rms": null,
      "rms_t": null,
      "wise": "G020.363-00.014",
      "wise_t": "K"
    }
  ]
}
