{
  "Sources": [
    {
      "source": "YB767",
      "yb_number": 767,
      "reference": "WolfChase25",
      "dist": 13.13,
      "e_dist": 0.31,
      "dist_c": 13.73,
      "dist_m": 13.67,
      "e_dist_m": 0.51,
      "stat_m": "SDIST_EXT",
      "pfar": 1.0,
      "dist_r1": 13.13,
      "e_dist_r1": 0.31,
      "pint_r1": 0.88,
      "arm_r1": "Per",
      "dist_r2": 11.69,
      "e_dist_r2": 0.6,
      "pint_r2": 0.09,
      "arm_r2": "SgF",
      "diam": 1.26,
      "e_diam": 0.03,
      "mass": 4478.45,
      "e_mass": 463.17,
      "blum": 201410.82,
      "e_blum": 9510.64,
      "lmrat": 44.97,
      "e_lmrat": 5.11,
      "temp": 24.1,
      "e_temp": 0.9,
      "lrat": 224.5,
      "e_lrat": 44.9,
      "tbol": 55.47,
      "e_tbol": 11.09,
      "sigma": 0.75,
      "e_sigma": 0.08,
      "glon": 21.87343,
      "glat": 0.00739,
      "mwpr": 0.00482,
      "e_glon": 0.00054,
      "e_glat": 0.00118,
      "e_mwpr": 0.00186,
      "hrate": 0.75,
      "f8": 3.9996,
      "e_f8": 0.1733,
      "f12": 1.1424,
      "e_f12": 0.5659,
      "f24": null,
      "e_f24": null,
      "f70": 352.4918,
      "e_f70": 0.1351,
      "n8": 6,
      "n12": 6,
      "n24": 0,
      "n70": 6,
      "f_sat": "0010",
      "f_multi": 0,
      "f_nosrc": "0000",
      "f_pconf": "0000",
      "f_cext": 0,
      "vlsr": 21.83,
      "e_vlsr": 0.1,
      "stype": "SP",
      "vlsr_g": 21.83,
      "vlsr_s": null,
      "vlsr_f": null,
      "vlsr_t": null,
      "vlsr_dht": null,
      "vlsr_dgt": null,
      "dgt": null,
      "vlsr_c": 21.2,
      "vlsr_m": 22.06,
      "e_vlsr_m": 0.16,
      "higal": "HIGALBM21.8744+0.0081",
      "agal": "G021.8731+0.0081",
      "corn": "G021.8751+00.0075",
      "corn_t": "UCHII Region",
      "rms": "G021.8732+00.0076",
      "rms_t": "HII region",
      "wise": "G021.873+00.005",
      "wise_t": "K"
    }
  ]
}
