{
  "Sources": [
    {
      "source": "YB850",
      "yb_number": 850,
      "reference": "WolfChase25",
      "dist": 5.23,
      "e_dist": 0.49,
      "dist_c": 5.66,
      "dist_m": 5.63,
      "e_dist_m": 0.29,
      "stat_m": "CLOUD_EXT",
      "pfar": 0.0,
      "dist_r1": 5.23,
      "e_dist_r1": 0.49,
      "pint_r1": 0.52,
      "arm_r1": "N1N",
      "dist_r2": 6.43,
      "e_dist_r2": 0.5,
      "pint_r2": 0.35,
      "arm_r2": "N1F",
      "diam": 0.65,
      "e_diam": 0.06,
      "mass": 200.14,
      "e_mass": 607.89,
      "blum": 10031.29,
      "e_blum": 2749.22,
      "lmrat": 50.12,
      "e_lmrat": 152.86,
      "temp": 25.3,
      "e_temp": 1.7,
      "lrat": 224.1,
      "e_lrat": 44.82,
      "tbol": 53.44,
      "e_tbol": 10.69,
      "sigma": 0.13,
      "e_sigma": 0.39,
      "glon": 23.58508,
      "glat": 0.02893,
      "mwpr": 0.00481,
      "e_glon": 0.00043,
      "e_glat": 0.00054,
      "e_mwpr": 0.0014,
      "hrate": 0.74,
      "f8": 2.4176,
      "e_f8": 0.3322,
      "f12": 1.5303,
      "e_f12": 0.0683,
      "f24": 13.0908,
      "e_f24": 0.0304,
      "f70": 97.0762,
      "e_f70": 0.0956,
      "n8": 6,
      "n12": 6,
      "n24": 6,
      "n70": 6,
      "f_sat": "0000",
      "f_multi": 0,
      "f_nosrc": "0000",
      "f_pconf": "0000",
      "f_cext": 0,
      "vlsr": 105.35,
      "e_vlsr": 0.1,
      "stype": "SP",
      "vlsr_g": 105.35,
      "vlsr_s": null,
      "vlsr_f": null,
      "vlsr_t": null,
      "vlsr_dht": null,
      "vlsr_dgt": null,
      "dgt": null,
      "vlsr_c": 105.9,
      "vlsr_m": 105.2,
      "e_vlsr_m": 0.94,
      "higal": "HIGALBM23.5846+0.0301",
      "agal": "G023.5813+0.0306",
      "corn": null,
      "corn_t": null,
      "rms": "G023.5852+00.0287",
      "rms_t": "HII region",
      "wise": "G023.585+00.029",
      "wise_t": "K"
    }
  ]
}
