{
  "Sources": [
    {
      "source": "YB868",
      "yb_number": 868,
      "reference": "WolfChase25",
      "dist": 11.46,
      "e_dist": 0.35,
      "dist_c": 12.44,
      "dist_m": 12.44,
      "e_dist_m": 0.39,
      "stat_m": "SDIST_EXT",
      "pfar": 1.0,
      "dist_r1": 11.46,
      "e_dist_r1": 0.35,
      "pint_r1": 0.94,
      "arm_r1": "SgF",
      "dist_r2": 12.53,
      "e_dist_r2": 0.2,
      "pint_r2": 0.06,
      "arm_r2": "Per",
      "diam": 0.54,
      "e_diam": 0.02,
      "mass": 1966.58,
      "e_mass": 169.07,
      "blum": 60300.13,
      "e_blum": 3683.25,
      "lmrat": 30.66,
      "e_lmrat": 3.23,
      "temp": 24.5,
      "e_temp": 0.5,
      "lrat": 152.0,
      "e_lrat": 30.4,
      "tbol": 49.4,
      "e_tbol": 9.88,
      "sigma": 1.74,
      "e_sigma": 0.15,
      "glon": 23.89811,
      "glat": 0.06491,
      "mwpr": 0.00337,
      "e_glon": 0.00084,
      "e_glat": 0.00043,
      "e_mwpr": 0.00208,
      "hrate": 0.41,
      "f8": 1.2234,
      "e_f8": 0.4106,
      "f12": 0.5685,
      "e_f12": 0.1935,
      "f24": null,
      "e_f24": null,
      "f70": 164.4397,
      "e_f70": 0.1584,
      "n8": 6,
      "n12": 6,
      "n24": 0,
      "n70": 6,
      "f_sat": "0010",
      "f_multi": 1,
      "f_nosrc": "0000",
      "f_pconf": "0000",
      "f_cext": 0,
      "vlsr": 39.04,
      "e_vlsr": 0.1,
      "stype": "SP",
      "vlsr_g": 39.04,
      "vlsr_s": null,
      "vlsr_f": null,
      "vlsr_t": null,
      "vlsr_dht": null,
      "vlsr_dgt": null,
      "dgt": null,
      "vlsr_c": 40.4,
      "vlsr_m": 40.47,
      "e_vlsr_m": 0.85,
      "higal": "HIGALBM23.8987+0.0649",
      "agal": "G023.8979+0.0639",
      "corn": "G023.8985+00.0647",
      "corn_t": "UCHII Region",
      "rms": "G023.8983+00.0648",
      "rms_t": "HII region",
      "wise": "G023.897+00.064",
      "wise_t": "K"
    }
  ]
}
