{
  "Sources": [
    {
      "source": "YB881",
      "yb_number": 881,
      "reference": "WolfChase25",
      "dist": 6.43,
      "e_dist": 0.48,
      "dist_c": 5.73,
      "dist_m": 5.73,
      "e_dist_m": 0.3,
      "stat_m": "SDIST_EXT",
      "pfar": 0.0,
      "dist_r1": 6.43,
      "e_dist_r1": 0.48,
      "pint_r1": 0.52,
      "arm_r1": "N1F",
      "dist_r2": 5.4,
      "e_dist_r2": 0.46,
      "pint_r2": 0.36,
      "arm_r2": "N1N",
      "diam": 0.4,
      "e_diam": 0.03,
      "mass": 318.21,
      "e_mass": 150.61,
      "blum": 10850.22,
      "e_blum": 1619.94,
      "lmrat": 34.1,
      "e_lmrat": 16.92,
      "temp": 22.8,
      "e_temp": 1.1,
      "lrat": 188.9,
      "e_lrat": 37.78,
      "tbol": 51.02,
      "e_tbol": 10.2,
      "sigma": 0.53,
      "e_sigma": 0.25,
      "glon": 24.15373,
      "glat": 0.16337,
      "mwpr": 0.00427,
      "e_glon": 0.00039,
      "e_glat": 0.00055,
      "e_mwpr": 0.00145,
      "hrate": 0.76,
      "f8": 2.4922,
      "e_f8": 0.4059,
      "f12": 0.8696,
      "e_f12": 0.1015,
      "f24": 6.1543,
      "e_f24": 0.0551,
      "f70": 88.8058,
      "e_f70": 0.0784,
      "n8": 6,
      "n12": 6,
      "n24": 6,
      "n70": 6,
      "f_sat": "0000",
      "f_multi": 0,
      "f_nosrc": "0000",
      "f_pconf": "0000",
      "f_cext": 0,
      "vlsr": 107.9,
      "e_vlsr": 0.1,
      "stype": "SP",
      "vlsr_g": 107.9,
      "vlsr_s": null,
      "vlsr_f": null,
      "vlsr_t": null,
      "vlsr_dht": null,
      "vlsr_dgt": null,
      "dgt": null,
      "vlsr_c": 107.7,
      "vlsr_m": 107.75,
      "e_vlsr_m": 0.09,
      "higal": "HIGALBM24.1537+0.1629",
      "agal": "G024.1566+0.1654",
      "corn": null,
      "corn_t": null,
      "rms": "G024.1546+00.1627",
      "rms_t": "HII region",
      "wise": "G024.153+00.163",
      "wise_t": "C"
    }
  ]
}
