{
  "Sources": [
    {
      "source": "YB910",
      "yb_number": 910,
      "reference": "WolfChase25",
      "dist": 6.27,
      "e_dist": 0.66,
      "dist_c": 5.81,
      "dist_m": 5.81,
      "e_dist_m": 0.32,
      "stat_m": "SDIST_EXT",
      "pfar": 0.0,
      "dist_r1": 6.27,
      "e_dist_r1": 0.66,
      "pint_r1": 0.96,
      "arm_r1": "N1F",
      "dist_r2": 7.25,
      "e_dist_r2": 0.14,
      "pint_r2": 0.04,
      "arm_r2": "3kF",
      "diam": 0.27,
      "e_diam": 0.03,
      "mass": 615.73,
      "e_mass": 190.36,
      "blum": 9923.46,
      "e_blum": 2089.15,
      "lmrat": 16.12,
      "e_lmrat": 6.03,
      "temp": 23.9,
      "e_temp": 0.7,
      "lrat": 85.0,
      "e_lrat": 17.0,
      "tbol": 44.19,
      "e_tbol": 8.84,
      "sigma": 2.24,
      "e_sigma": 0.69,
      "glon": 24.73113,
      "glat": 0.15366,
      "mwpr": 0.00278,
      "e_glon": 0.00141,
      "e_glat": 0.00121,
      "e_mwpr": 0.00135,
      "hrate": 0.41,
      "f8": 1.6097,
      "e_f8": 0.1035,
      "f12": 0.5074,
      "e_f12": 0.2097,
      "f24": 3.9426,
      "e_f24": 0.0994,
      "f70": 87.0148,
      "e_f70": 0.1171,
      "n8": 6,
      "n12": 6,
      "n24": 6,
      "n70": 6,
      "f_sat": "0000",
      "f_multi": 1,
      "f_nosrc": "0000",
      "f_pconf": "0000",
      "f_cext": 0,
      "vlsr": 109.39,
      "e_vlsr": 0.1,
      "stype": "SP",
      "vlsr_g": 109.39,
      "vlsr_s": null,
      "vlsr_f": null,
      "vlsr_t": null,
      "vlsr_dht": null,
      "vlsr_dgt": null,
      "dgt": null,
      "vlsr_c": 109.5,
      "vlsr_m": 109.5,
      "e_vlsr_m": 0.08,
      "higal": "HIGALBM24.7295+0.1537",
      "agal": "G024.7271+0.1535",
      "corn": null,
      "corn_t": null,
      "rms": "G024.7320+00.1530",
      "rms_t": "YSO",
      "wise": "G024.728+00.159",
      "wise_t": "K"
    }
  ]
}
