{
  "Sources": [
    {
      "source": "YB921",
      "yb_number": 921,
      "reference": "WolfChase25",
      "dist": 11.18,
      "e_dist": 0.29,
      "dist_c": 12.22,
      "dist_m": 12.22,
      "e_dist_m": 0.38,
      "stat_m": "SDIST_EXT",
      "pfar": 1.0,
      "dist_r1": 11.18,
      "e_dist_r1": 0.29,
      "pint_r1": 1.0,
      "arm_r1": "SgF",
      "dist_r2": 0.0,
      "e_dist_r2": 0.0,
      "pint_r2": 0.0,
      "arm_r2": null,
      "diam": 1.07,
      "e_diam": 0.03,
      "mass": 2127.73,
      "e_mass": 113.37,
      "blum": 50063.29,
      "e_blum": 2597.2,
      "lmrat": 23.53,
      "e_lmrat": 1.75,
      "temp": 19.6,
      "e_temp": 1.0,
      "lrat": 175.0,
      "e_lrat": 35.0,
      "tbol": 52.03,
      "e_tbol": 10.41,
      "sigma": 0.49,
      "e_sigma": 0.03,
      "glon": 24.92379,
      "glat": 0.08007,
      "mwpr": 0.00392,
      "e_glon": 0.00052,
      "e_glat": 0.00054,
      "e_mwpr": 0.00147,
      "hrate": 0.46,
      "f8": 2.1371,
      "e_f8": 0.2811,
      "f12": 0.8604,
      "e_f12": 0.1862,
      "f24": 5.1428,
      "e_f24": 0.1066,
      "f70": 179.6605,
      "e_f70": 0.1838,
      "n8": 6,
      "n12": 6,
      "n24": 6,
      "n70": 6,
      "f_sat": "0000",
      "f_multi": 1,
      "f_nosrc": "0000",
      "f_pconf": "0000",
      "f_cext": 0,
      "vlsr": 43.72,
      "e_vlsr": 0.1,
      "stype": "SP",
      "vlsr_g": 43.72,
      "vlsr_s": null,
      "vlsr_f": null,
      "vlsr_t": null,
      "vlsr_dht": null,
      "vlsr_dgt": null,
      "dgt": null,
      "vlsr_c": 43.2,
      "vlsr_m": 43.2,
      "e_vlsr_m": 0.61,
      "higal": "HIGALBM24.9244+0.0786",
      "agal": "G024.9231+0.0764",
      "corn": "G024.9237+00.0777",
      "corn_t": "HII Region",
      "rms": "G024.9238+00.0800",
      "rms_t": "HII region",
      "wise": "G024.923+00.079",
      "wise_t": "K"
    }
  ]
}
