{
  "Sources": [
    {
      "source": "YB933",
      "yb_number": 933,
      "reference": "WolfChase25",
      "dist": 3.8,
      "e_dist": 0.94,
      "dist_c": 2.96,
      "dist_m": 2.96,
      "e_dist_m": 0.37,
      "stat_m": "CLOUD_EXT",
      "pfar": 0.0,
      "dist_r1": 3.8,
      "e_dist_r1": 0.94,
      "pint_r1": 1.0,
      "arm_r1": "ScN?",
      "dist_r2": 0.0,
      "e_dist_r2": 0.0,
      "pint_r2": 0.0,
      "arm_r2": null,
      "diam": 0.27,
      "e_diam": 0.07,
      "mass": 83.39,
      "e_mass": 1400.67,
      "blum": 3732.78,
      "e_blum": 1991.94,
      "lmrat": 44.76,
      "e_lmrat": 752.18,
      "temp": 24.4,
      "e_temp": 0.8,
      "lrat": 214.8,
      "e_lrat": 42.96,
      "tbol": 51.91,
      "e_tbol": 10.38,
      "sigma": 0.29,
      "e_sigma": 4.87,
      "glon": 25.30576,
      "glat": 0.53123,
      "mwpr": 0.00399,
      "e_glon": 0.00045,
      "e_glat": 0.00073,
      "e_mwpr": 0.00111,
      "hrate": 0.82,
      "f8": 2.4504,
      "e_f8": 0.1453,
      "f12": 1.115,
      "e_f12": 0.0733,
      "f24": 8.6809,
      "e_f24": 0.0179,
      "f70": 99.3787,
      "e_f70": 0.056,
      "n8": 6,
      "n12": 6,
      "n24": 6,
      "n70": 6,
      "f_sat": "0000",
      "f_multi": 0,
      "f_nosrc": "0000",
      "f_pconf": "0000",
      "f_cext": 0,
      "vlsr": 44.57,
      "e_vlsr": 0.1,
      "stype": "SP",
      "vlsr_g": 44.57,
      "vlsr_s": null,
      "vlsr_f": null,
      "vlsr_t": null,
      "vlsr_dht": null,
      "vlsr_dgt": null,
      "dgt": null,
      "vlsr_c": 44.6,
      "vlsr_m": 44.6,
      "e_vlsr_m": 0.03,
      "higal": "HIGALBM25.3059+0.5301",
      "agal": "G025.3031+0.5301",
      "corn": "G025.3055+00.5305",
      "corn_t": "HII Region",
      "rms": "G025.3058+00.5308",
      "rms_t": "HII region",
      "wise": "G025.305+00.532",
      "wise_t": "K"
    }
  ]
}
