{
  "Sources": [
    {
      "source": "YB938",
      "yb_number": 938,
      "reference": "WolfChase25",
      "dist": 6.18,
      "e_dist": 0.52,
      "dist_c": 9.27,
      "dist_m": 9.24,
      "e_dist_m": 0.34,
      "stat_m": "NO_KDA",
      "pfar": 0.5,
      "dist_r1": 6.18,
      "e_dist_r1": 0.52,
      "pint_r1": 1.0,
      "arm_r1": "N1F",
      "dist_r2": 0.0,
      "e_dist_r2": 0.0,
      "pint_r2": 0.0,
      "arm_r2": null,
      "diam": 0.26,
      "e_diam": 0.02,
      "mass": 295.02,
      "e_mass": 54.97,
      "blum": 50113.16,
      "e_blum": 8433.28,
      "lmrat": 169.86,
      "e_lmrat": 42.65,
      "temp": 35.5,
      "e_temp": 1.2,
      "lrat": 447.1,
      "e_lrat": 89.42,
      "tbol": 53.43,
      "e_tbol": 10.69,
      "sigma": 1.19,
      "e_sigma": 0.22,
      "glon": 25.39558,
      "glat": 0.03319,
      "mwpr": 0.00339,
      "e_glon": 0.00065,
      "e_glat": 0.00133,
      "e_mwpr": 0.00132,
      "hrate": 0.52,
      "f8": 2.8552,
      "e_f8": 0.2978,
      "f12": 1.0305,
      "e_f12": 0.208,
      "f24": null,
      "e_f24": null,
      "f70": 481.2246,
      "e_f70": 0.0665,
      "n8": 6,
      "n12": 6,
      "n24": 0,
      "n70": 6,
      "f_sat": "0010",
      "f_multi": 0,
      "f_nosrc": "0000",
      "f_pconf": "0000",
      "f_cext": 0,
      "vlsr": 108.97,
      "e_vlsr": 0.1,
      "stype": "SP",
      "vlsr_g": 108.97,
      "vlsr_s": null,
      "vlsr_f": null,
      "vlsr_t": null,
      "vlsr_dht": null,
      "vlsr_dgt": null,
      "dgt": null,
      "vlsr_c": 108.8,
      "vlsr_m": 109.44,
      "e_vlsr_m": 0.09,
      "higal": "HIGALBM25.3947+0.0340",
      "agal": "G025.3933+0.0341",
      "corn": "G025.3948+00.0332",
      "corn_t": "UCHII Region",
      "rms": "G025.3953+00.0336A",
      "rms_t": "HII region",
      "wise": "G025.397+00.033",
      "wise_t": "K"
    }
  ]
}
